wndwPercent,metric,windows,window_size,final_len,Omicron,Beta,Epsilon,Eta,Gamma,Lambda,Delta,Kappa,Iota,Alpha,macro_f1,macro_precision,macro_recall,cm
0.002,manhattan,56,802,9874,0.9859,0.99,0.9987,0.549,0.9887,0.9865,0.9951,0.973,0.9954,0.9921,0.9454,0.9352,0.984,[105778 0 0 420 0 0 6 0 0 0; 0 594 0 2 0 0 10 0 0 0; 0 0 14548 33 0 0 4 0 0 0; 0 0 0 627 0 0 0 0 0 0; 0 0 0 179 7861 0 0 0 0 0; 0 0 0 9 0 330 0 0 0 0; 1 0 0 66 0 0 9252 0 0 0; 0 0 0 0 0 0 2 36 0 0; 1 0 1 173 0 0 1 0 19009 0; 2589 0 0 148 0 0 1 0 0 172385]
0.002,manhattan,59,782,9750,0.9946,0.99,0.9862,0.9035,0.9982,0.9865,0.8706,0.9444,0.995,0.9947,0.9664,0.9589,0.9792,[105416 0 0 130 1 0 657 0 0 0; 0 594 0 0 0 0 12 0 0 0; 0 0 14188 0 0 0 397 0 0 0; 0 0 0 627 0 0 0 0 0 0; 0 0 0 0 8032 0 8 0 0 0; 0 0 0 0 0 330 9 0 0 0; 1 0 0 0 0 0 9318 0 0 0; 0 0 0 0 0 0 4 34 0 0; 1 0 0 4 1 0 186 0 18993 0; 347 0 0 0 19 0 1496 0 0 173261]
0.002,manhattan,54,745,9629,0.9957,0.9395,0.9904,0.1425,0.9879,0.982,0.9791,0.9867,0.9963,0.9832,0.8983,0.896,0.9808,[105317 4 0 867 11 0 5 0 0 0; 0 606 0 0 0 0 0 0 0 0; 0 64 14307 214 0 0 0 0 0 0; 0 0 0 627 0 0 0 0 0 0; 0 5 0 172 7863 0 0 0 0 0; 0 0 0 12 0 327 0 0 0 0; 2 2 0 372 0 0 8943 0 0 0; 0 0 0 0 0 0 1 37 0 0; 0 0 0 143 0 0 0 0 19042 0; 27 3 0 5765 5 0 0 0 0 169323]
0.002,manhattan,58,769,10572,0.9869,0.9892,0.9912,0.8696,0.998,0.9911,0.9659,0.9867,0.9958,0.9926,0.9767,0.968,0.9887,[105901 0 0 145 0 0 158 0 0 0; 0 593 0 0 0 0 13 0 0 0; 0 0 14331 0 0 0 254 0 0 0; 0 0 0 627 0 0 0 0 0 0; 0 0 0 17 8008 0 15 0 0 0; 0 0 0 0 0 333 6 0 0 0; 0 0 0 0 0 0 9319 0 0 0; 0 0 0 0 0 0 1 37 0 0; 0 0 0 2 0 0 159 0 19024 0; 2498 0 0 24 0 0 52 0 0 172549]
0.002,manhattan,59,783,10460,0.9977,0.9917,0.9967,0.5646,0.9883,0.9881,0.874,0.973,0.9962,0.9922,0.9362,0.9169,0.9849,[105721 0 0 343 6 0 134 0 0 0; 0 596 0 3 0 0 7 0 0 0; 0 0 14490 28 0 0 67 0 0 0; 0 0 0 627 0 0 0 0 0 0; 0 0 0 172 7868 0 0 0 0 0; 0 0 0 0 0 331 8 0 0 0; 0 0 0 26 0 0 9293 0 0 0; 0 0 0 0 0 0 2 36 0 0; 0 0 0 131 0 0 14 0 19040 0; 7 0 0 264 8 0 2421 0 0 172423]
0.002,manhattan,59,740,10253,0.9918,0.9883,0.9956,0.992,0.999,0.9881,0.9816,0.9589,0.9959,0.995,0.9886,0.9948,0.983,[106187 0 0 0 0 0 17 0 0 0; 0 592 0 0 0 0 14 0 0 0; 0 0 14456 0 0 0 129 0 0 0; 0 0 0 617 0 0 10 0 0 0; 0 0 0 0 8025 0 15 0 0 0; 8 0 0 0 0 331 0 0 0 0; 1 0 0 0 0 0 9318 0 0 0; 0 0 0 0 0 0 3 35 0 0; 0 0 0 0 1 0 154 0 19030 0; 1723 0 0 0 0 0 7 0 0 173393]
0.002,manhattan,54,623,8942,0.9817,0.9908,0.9958,0.1755,0.9886,0.9911,0.9944,0.973,0.9954,0.9956,0.9082,0.9093,0.9819,[102384 0 0 3815 0 0 5 0 0 0; 0 595 0 10 0 0 1 0 0 0; 0 0 14462 109 0 0 14 0 0 0; 0 0 0 627 0 0 0 0 0 0; 0 0 0 174 7859 0 7 0 0 0; 0 0 0 6 0 333 0 0 0 0; 1 0 0 74 0 0 9244 0 0 0; 0 0 0 0 0 0 2 36 0 0; 0 0 0 174 0 0 0 0 19011 0; 0 0 0 1528 0 0 0 0 0 173595]
0.002,manhattan,62,805,10778,0.9828,0.9868,0.9926,0.9897,0.9887,0.9633,0.9811,0.9296,0.9962,0.9919,0.9803,0.9932,0.9687,[106198 0 0 6 0 0 0 0 0 0; 8 598 0 0 0 0 0 0 0 0; 203 8 14370 4 0 0 0 0 0 0; 0 0 0 627 0 0 0 0 0 0; 180 0 0 0 7860 0 0 0 0 0; 24 0 0 0 0 315 0 0 0 0; 338 0 0 3 0 0 8978 0 0 0; 0 0 0 0 0 0 5 33 0 0; 146 0 0 0 0 0 0 0 19039 0; 2802 0 0 0 0 0 0 0 0 172321]
0.002,manhattan,56,641,9017,0.9955,0.9917,0.9775,0.2284,0.9763,0.9881,0.9538,0.9589,0.9931,0.9919,0.9055,0.9044,0.9748,[105261 0 0 740 0 0 203 0 0 0; 0 596 0 9 0 0 1 0 0 0; 0 0 13942 27 0 0 616 0 0 0; 0 0 0 627 0 0 0 0 0 0; 0 0 0 364 7667 0 9 0 0 0; 0 0 0 8 0 331 0 0 0 0; 0 0 0 40 0 0 9278 0 0 0; 0 0 0 0 0 0 3 35 0 0; 0 0 0 264 0 0 0 0 18921 0; 0 0 0 2784 0 0 26 0 0 172313]
0.002,manhattan,59,803,10475,0.9919,0.9892,0.9911,0.863,0.9991,0.9758,0.938,0.973,0.9965,0.9925,0.971,0.9628,0.9835,[106176 0 0 9 0 0 19 0 0 0; 0 593 0 0 0 0 13 0 0 0; 0 0 14329 7 0 0 249 0 0 0; 0 0 0 627 0 0 0 0 0 0; 0 0 0 5 8029 0 6 0 0 0; 0 0 0 0 0 323 16 0 0 0; 1 0 0 24 0 0 9294 0 0 0; 0 0 0 0 0 0 2 36 0 0; 0 0 0 130 0 0 4 0 19051 0; 1700 0 0 24 4 0 894 0 0 172501]
0.002,manhattan,59,676,9241,0.9906,0.9925,0.9885,0.978,0.9776,0.9896,0.7748,0.9589,0.9923,0.9931,0.9636,0.9632,0.9728,[104217 0 0 0 0 0 1987 0 0 0; 0 597 0 0 0 0 9 0 0 0; 0 0 14252 0 0 0 333 0 0 0; 0 0 0 600 0 0 27 0 0 0; 0 0 0 0 7687 0 353 0 0 0; 0 0 0 0 0 332 7 0 0 0; 0 0 0 0 0 0 9319 0 0 0; 0 0 0 0 0 0 3 35 0 0; 0 0 0 0 0 0 295 0 18890 0; 0 0 0 0 0 0 2404 0 0 172719]
0.002,manhattan,56,718,10114,0.9918,0.9908,0.9965,0.2199,0.9989,0.9881,0.9882,0.973,0.9961,0.9929,0.9136,0.9109,0.9849,[104477 0 0 1617 0 0 110 0 0 0; 0 595 0 11 0 0 0 0 0 0; 0 0 14483 101 0 0 1 0 0 0; 0 0 0 627 0 0 0 0 0 0; 0 0 0 13 8027 0 0 0 0 0; 0 0 0 8 0 331 0 0 0 0; 0 0 0 88 0 0 9231 0 0 0; 0 0 0 0 0 0 2 36 0 0; 0 0 0 149 0 0 1 0 19035 0; 0 0 0 2462 4 0 18 0 0 172639]
0.002,manhattan,57,818,10797,0.9964,0.9967,0.9942,0.5969,0.9993,0.9881,0.9787,0.9589,0.9958,0.9994,0.9504,0.9384,0.9861,[105509 0 0 607 0 0 88 0 0 0; 0 603 0 1 0 0 2 0 0 0; 0 1 14416 31 0 0 137 0 0 0; 0 0 0 627 0 0 0 0 0 0; 0 0 0 5 8033 0 2 0 0 0; 0 0 0 6 0 331 2 0 0 0; 1 0 0 28 0 0 9290 0 0 0; 0 0 0 0 0 0 3 35 0 0; 0 0 0 158 1 0 2 0 19023 1; 61 0 0 11 3 0 139 0 0 174909]
0.002,manhattan,59,703,10145,0.999,0.99,0.9787,0.2784,0.9761,0.9865,0.953,0.973,0.9953,0.9922,0.9122,0.9074,0.9783,[105999 0 0 89 0 0 116 0 0 0; 0 594 0 11 0 0 1 0 0 0; 0 0 13978 30 0 0 577 0 0 0; 0 0 0 627 0 0 0 0 0 0; 0 0 0 375 7664 0 1 0 0 0; 0 0 0 6 0 330 3 0 0 0; 0 0 0 28 0 0 9291 0 0 0; 0 0 0 0 0 0 2 36 0 0; 0 0 0 177 0 0 3 0 19005 0; 1 0 0 2535 0 0 185 0 0 172402]
0.002,manhattan,62,765,9814,0.9852,0.9917,0.9703,0.594,0.9983,0.9896,0.9356,0.9296,0.9954,0.9929,0.9383,0.9282,0.9736,[105347 0 0 669 0 0 188 0 0 0; 0 596 0 0 0 0 10 0 0 0; 0 0 13745 8 0 0 832 0 0 0; 0 0 0 627 0 0 0 0 0 0; 0 0 0 4 8012 0 24 0 0 0; 0 0 0 0 0 332 7 0 0 0; 0 0 0 28 0 0 9291 0 0 0; 0 0 0 0 0 0 5 33 0 0; 1 0 0 16 0 0 160 0 19008 0; 2316 0 0 132 0 0 24 0 0 172651]
0.002,manhattan,59,712,9863,0.9852,0.9925,0.9915,0.9529,0.975,0.9865,0.9818,0.9444,0.9956,0.9924,0.9798,0.9848,0.9761,[106170 0 0 25 0 0 9 0 0 0; 1 597 0 0 0 0 8 0 0 0; 55 0 14338 9 0 0 183 0 0 0; 0 0 0 627 0 0 0 0 0 0; 387 0 0 2 7648 0 3 0 0 0; 9 0 0 0 0 330 0 0 0 0; 13 0 0 14 0 0 9292 0 0 0; 0 0 0 0 0 0 4 34 0 0; 51 0 0 12 0 0 104 0 19018 0; 2646 0 0 0 0 0 7 0 0 172470]
0.002,manhattan,58,752,10062,0.9853,0.9892,0.9926,0.9976,0.9752,0.9956,0.975,0.973,0.9956,0.9919,0.9871,0.9921,0.9826,[106189 0 0 0 0 0 15 0 0 0; 1 593 0 0 0 0 12 0 0 0; 0 0 14372 0 0 0 213 0 0 0; 2 0 0 625 0 0 0 0 0 0; 249 0 0 0 7651 0 140 0 0 0; 2 0 0 0 0 336 1 0 0 0; 3 0 0 0 0 0 9316 0 0 0; 0 0 0 0 0 0 2 36 0 0; 96 0 0 1 0 0 72 0 19016 0; 2809 0 0 0 0 0 20 0 0 172294]
0.002,manhattan,53,647,9103,0.9856,0.9908,0.9954,0.5781,0.9973,1.0,0.9801,0.973,0.9967,0.993,0.949,0.935,0.9882,[105439 0 0 682 0 0 83 0 0 0; 0 595 0 1 0 0 10 0 0 0; 0 0 14451 16 0 0 118 0 0 0; 0 0 0 627 0 0 0 0 0 0; 0 0 0 41 7996 0 3 0 0 0; 0 0 0 0 0 339 0 0 0 0; 0 0 0 41 0 0 9278 0 0 0; 0 0 0 0 0 0 2 36 0 0; 0 0 0 12 0 0 115 0 19058 0; 2319 0 0 122 0 0 4 0 0 172678]
0.002,manhattan,62,690,10085,0.9962,0.9983,0.9976,0.2694,0.9987,0.9911,0.9946,0.9867,0.9962,0.9929,0.9222,0.9151,0.991,[105475 0 0 726 0 0 3 0 0 0; 0 604 0 0 1 0 1 0 0 0; 0 0 14516 45 0 0 24 0 0 0; 0 0 0 627 0 0 0 0 0 0; 0 0 0 15 8025 0 0 0 0 0; 0 0 0 5 0 333 1 0 0 0; 0 0 0 70 0 0 9249 0 0 0; 0 0 0 0 0 0 1 37 0 0; 0 0 0 145 0 0 0 0 19040 0; 81 0 0 2395 5 0 0 0 0 172642]
0.002,manhattan,54,680,9305,0.9835,0.9983,0.996,0.8033,0.9886,0.9865,0.9487,0.9867,0.9965,0.992,0.968,0.9549,0.9883,[105389 0 0 225 0 0 590 0 0 0; 0 604 0 0 0 0 2 0 0 0; 1 0 14468 8 0 0 108 0 0 0; 0 0 0 627 0 0 0 0 0 0; 0 0 0 2 7858 0 180 0 0 0; 0 0 0 0 0 330 9 0 0 0; 0 0 0 1 0 0 9318 0 0 0; 0 0 0 0 0 0 1 37 0 0; 0 0 0 28 0 0 105 0 19052 0; 2725 0 0 43 0 0 12 0 0 172343]
0.002,manhattan,54,662,8700,0.9955,0.9917,0.9946,0.4136,0.999,0.9896,0.9501,0.9589,0.9941,0.9941,0.9281,0.9166,0.9837,[105633 0 0 295 0 0 276 0 0 0; 0 596 0 0 0 0 10 0 0 0; 0 0 14429 56 0 0 100 0 0 0; 0 0 0 627 0 0 0 0 0 0; 0 0 0 7 8031 0 2 0 0 0; 1 0 0 3 0 332 3 0 0 0; 1 0 0 58 0 0 9260 0 0 0; 0 0 0 0 0 0 3 35 0 0; 1 0 0 222 1 0 1 0 18960 0; 391 0 0 1137 6 0 518 0 0 173071]
0.002,manhattan,55,789,9982,0.989,0.9917,0.9899,0.4695,0.9971,0.9865,0.9691,0.9589,0.9965,0.9916,0.934,0.9232,0.9821,[105768 0 0 292 0 0 144 0 0 0; 0 596 0 1 0 0 9 0 0 0; 0 0 14292 54 0 0 239 0 0 0; 0 0 0 627 0 0 0 0 0 0; 0 0 0 16 7998 0 26 0 0 0; 0 0 0 8 0 330 1 0 0 0; 0 0 0 37 0 0 9282 0 0 0; 0 0 0 0 0 0 3 35 0 0; 0 0 0 129 0 0 3 0 19053 0; 1921 0 0 880 4 0 129 0 0 172189]
0.002,manhattan,62,683,9772,0.9821,0.99,0.993,0.7504,0.9891,0.9941,0.9937,0.973,0.9962,0.9893,0.9651,0.956,0.9844,[106189 0 0 11 0 0 4 0 0 0; 1 594 0 9 0 0 2 0 0 0; 6 0 14382 157 0 0 40 0 0 0; 0 0 0 627 0 0 0 0 0 0; 167 0 0 7 7866 0 0 0 0 0; 4 0 0 0 0 335 0 0 0 0; 31 0 0 37 0 0 9251 0 0 0; 0 0 0 0 0 0 2 36 0 0; 4 0 0 143 0 0 0 0 19038 0; 3650 0 0 53 0 0 1 0 0 171419]
0.002,manhattan,58,747,10180,0.9961,0.9892,0.9972,0.3643,0.9968,0.9985,0.9719,0.9867,0.9951,0.9956,0.9291,0.9171,0.9908,[105389 0 0 423 0 0 392 0 0 0; 0 593 0 0 0 0 13 0 0 0; 0 0 14505 17 0 0 63 0 0 0; 0 0 0 627 0 0 0 0 0 0; 0 0 0 23 7989 0 28 0 0 0; 0 0 0 0 0 338 1 0 0 0; 0 0 0 29 0 0 9290 0 0 0; 0 0 0 0 0 0 1 37 0 0; 0 0 0 180 0 0 4 0 18999 2; 0 0 0 1516 0 0 7 0 0 173600]
0.002,manhattan,62,713,9943,0.9952,0.9925,0.9915,0.3083,0.989,0.9881,0.9922,0.9444,0.9961,0.9951,0.9192,0.9172,0.9785,[105430 0 0 771 0 0 3 0 0 0; 0 597 0 8 0 0 1 0 0 0; 1 0 14340 182 0 0 62 0 0 0; 0 0 0 627 0 0 0 0 0 0; 0 0 0 173 7866 0 1 0 0 0; 0 0 0 7 0 331 1 0 0 0; 6 0 0 67 0 0 9245 0 0 0; 0 0 0 0 0 0 4 34 0 0; 0 0 0 149 0 0 0 0 19036 0; 243 0 0 1456 1 0 1 0 0 173422]
0.002,manhattan,61,761,10281,0.9917,0.9908,0.9979,0.6481,0.9751,0.9865,0.9822,0.9589,0.9951,0.9957,0.9522,0.9435,0.9798,[105936 0 0 263 0 0 5 0 0 0; 1 595 0 9 0 0 1 0 0 0; 2 0 14524 21 0 0 38 0 0 0; 0 0 0 627 0 0 0 0 0 0; 12 0 0 156 7649 0 223 0 0 0; 8 0 0 0 0 330 1 0 0 0; 3 0 0 41 0 0 9275 0 0 0; 0 0 0 0 0 0 3 35 0 0; 2 0 0 182 0 0 2 0 18998 1; 1478 0 0 9 0 0 19 0 0 173617]
0.002,manhattan,60,780,10221,0.9919,0.9892,0.9974,0.9619,0.976,0.9758,0.9727,0.9867,0.9953,0.9956,0.9842,0.9931,0.9761,[106199 0 0 0 0 0 5 0 0 0; 0 593 0 0 0 0 13 0 0 0; 7 0 14509 0 0 0 69 0 0 0; 30 0 0 581 0 0 16 0 0 0; 6 0 0 0 7663 0 371 0 0 0; 5 0 0 0 0 323 11 0 0 0; 5 0 0 0 0 0 9314 0 0 0; 0 0 0 0 0 0 1 37 0 0; 158 0 0 0 0 0 20 0 19007 0; 1523 0 0 0 0 0 11 0 0 173589]
0.002,manhattan,60,730,10180,0.9921,0.99,0.9978,0.6038,0.9985,0.9805,0.9928,0.9867,0.9947,0.9956,0.9532,0.9411,0.988,[105857 0 0 338 0 0 9 0 0 0; 0 594 0 0 0 0 12 0 0 0; 0 0 14520 25 0 0 40 0 0 0; 0 0 0 627 0 0 0 0 0 0; 0 0 0 12 8017 0 11 0 0 0; 0 0 0 7 0 326 6 0 0 0; 0 0 0 52 0 0 9267 0 0 0; 0 0 0 0 0 0 1 37 0 0; 1 0 0 201 0 0 2 0 18981 0; 1340 0 0 188 1 0 2 0 0 173592]
0.002,manhattan,55,710,9679,0.9923,0.99,0.9954,0.1815,0.9761,0.9896,0.9783,0.9867,0.9953,0.9915,0.9077,0.9099,0.9794,[104585 0 0 1619 0 0 0 0 0 0; 0 594 0 12 0 0 0 0 0 0; 0 0 14452 129 0 0 4 0 0 0; 0 0 0 627 0 0 0 0 0 0; 0 0 0 374 7666 0 0 0 0 0; 0 0 0 7 0 332 0 0 0 0; 0 0 0 391 0 0 8928 0 0 0; 0 0 0 0 0 0 1 37 0 0; 0 0 0 181 0 0 0 0 19004 0; 0 0 0 2942 2 0 0 0 0 172179]
0.002,manhattan,53,773,9926,0.9958,0.9917,0.9993,0.2701,0.9889,0.9941,0.9957,0.9589,0.996,0.9929,0.9183,0.9153,0.9834,[105512 0 0 686 0 0 6 0 0 0; 0 596 0 10 0 0 0 0 0 0; 0 0 14568 17 0 0 0 0 0 0; 0 0 0 627 0 0 0 0 0 0; 0 0 0 177 7863 0 0 0 0 0; 0 0 0 4 0 335 0 0 0 0; 1 0 1 69 0 0 9248 0 0 0; 0 0 0 0 0 0 3 35 0 0; 0 0 2 150 0 0 0 0 19033 0; 192 0 0 2275 0 0 0 0 0 172656]
0.002,manhattan,64,751,10486,0.9965,0.9917,0.988,0.2476,0.9889,0.9865,0.9857,0.9444,0.9954,0.9928,0.9118,0.9119,0.977,[105469 0 0 711 0 0 24 0 0 0; 0 596 0 10 0 0 0 0 0 0; 0 0 14240 167 0 0 178 0 0 0; 0 0 0 627 0 0 0 0 0 0; 0 0 0 173 7867 0 0 0 0 0; 0 0 0 9 0 330 0 0 0 0; 1 0 0 59 0 0 9259 0 0 0; 0 0 0 0 0 0 4 34 0 0; 0 0 0 176 0 0 0 0 19009 0; 10 0 0 2505 3 0 2 0 0 172603]
0.002,manhattan,60,776,10505,0.9867,0.9892,0.9995,0.8642,0.9994,0.9789,0.9968,0.8824,0.9959,0.9922,0.9685,0.9732,0.9696,[106142 0 0 56 0 0 6 0 0 0; 10 593 0 0 0 0 3 0 0 0; 1 0 14571 13 0 0 0 0 0 0; 0 0 0 627 0 0 0 0 0 0; 0 0 0 8 8032 0 0 0 0 0; 13 0 0 1 0 325 0 0 0 0; 3 0 0 36 0 0 9280 0 0 0; 0 0 0 0 0 0 8 30 0 0; 87 0 1 69 0 0 0 0 19028 0; 2694 0 0 14 2 0 4 0 0 172409]
0.002,manhattan,62,812,10982,0.9947,0.9293,0.9965,0.694,0.9966,0.9881,0.9932,0.9589,0.9948,0.9973,0.9543,0.9384,0.9859,[105084 1 0 265 20 0 7 0 0 827; 0 605 0 0 1 0 0 0 0 0; 0 18 14483 32 1 0 51 0 0 0; 0 0 0 627 0 0 0 0 0 0; 0 0 0 10 8030 0 0 0 0 0; 0 0 0 8 0 331 0 0 0 0; 0 0 0 64 0 0 9254 0 0 1; 0 0 0 0 0 0 3 35 0 0; 0 72 0 95 3 0 0 0 18988 27; 0 0 0 79 19 0 1 0 0 175024]
0.002,manhattan,58,717,10209,0.9847,0.9983,0.9971,0.4597,0.9884,0.9865,0.9931,0.973,0.9951,0.9922,0.9368,0.9269,0.9849,[105430 0 0 765 0 0 9 0 0 0; 0 604 0 1 0 0 1 0 0 0; 0 0 14502 44 0 0 39 0 0 0; 0 0 0 627 0 0 0 0 0 0; 0 0 0 184 7856 0 0 0 0 0; 8 0 0 1 0 330 0 0 0 0; 2 0 0 71 0 0 9246 0 0 0; 0 0 0 0 0 0 2 36 0 0; 0 0 0 184 0 0 2 0 18999 0; 2500 0 0 224 0 0 2 0 0 172397]
0.002,manhattan,63,832,10913,0.9973,0.99,0.9733,0.4238,0.9889,0.985,0.866,0.973,0.9945,0.9921,0.9184,0.9035,0.9788,[105628 0 0 553 0 0 23 0 0 0; 0 594 0 0 0 0 12 0 0 0; 0 0 13826 18 0 0 741 0 0 0; 0 0 0 627 0 0 0 0 0 0; 0 0 0 6 7864 0 170 0 0 0; 0 0 0 2 0 329 8 0 0 0; 0 0 0 38 0 0 9281 0 0 0; 0 0 0 0 0 0 2 36 0 0; 0 0 0 159 0 0 50 0 18976 0; 1 0 0 929 1 0 1827 0 0 172365]
0.002,manhattan,57,815,10657,0.9937,0.99,0.9924,0.362,0.9979,0.9881,0.9872,1.0,0.9949,0.9927,0.9299,0.9192,0.9903,[105864 0 0 333 0 0 7 0 0 0; 0 594 0 12 0 0 0 0 0 0; 0 0 14364 96 0 0 125 0 0 0; 0 0 0 627 0 0 0 0 0 0; 0 0 0 31 8009 0 0 0 0 0; 0 0 0 7 0 331 1 0 0 0; 3 0 0 61 0 0 9255 0 0 0; 0 0 0 0 0 0 0 38 0 0; 1 0 0 188 0 0 5 0 18991 0; 1002 0 0 1482 3 0 38 0 0 172598]
0.002,manhattan,60,681,9564,0.9954,0.9917,0.9948,0.2518,0.988,0.9881,0.9821,0.9867,0.995,0.9945,0.9168,0.9143,0.9836,[105233 0 0 964 0 0 7 0 0 0; 0 596 0 10 0 0 0 0 0 0; 0 0 14435 145 0 0 5 0 0 0; 0 0 0 627 0 0 0 0 0 0; 0 0 0 191 7849 0 0 0 0 0; 0 0 0 8 0 331 0 0 0 0; 0 0 0 315 0 0 9004 0 0 0; 0 0 0 0 0 0 1 37 0 0; 0 0 0 192 0 0 0 0 18993 0; 0 0 0 1901 0 0 0 0 0 173222]
0.002,manhattan,63,778,10277,0.9871,0.9866,0.9985,0.9976,0.9964,0.9911,0.9939,1.0,0.995,0.9927,0.9939,0.9958,0.9921,[106198 0 0 3 0 0 3 0 0 0; 2 590 0 0 10 0 4 0 0 0; 8 0 14543 0 0 0 34 0 0 0; 0 0 0 627 0 0 0 0 0 0; 4 0 0 0 8035 0 1 0 0 0; 6 0 0 0 0 333 0 0 0 0; 61 0 0 0 0 0 9257 0 0 0; 0 0 0 0 0 0 0 38 0 0; 160 0 1 0 24 0 4 0 18996 0; 2525 0 0 0 19 0 6 0 0 172573]
0.002,manhattan,55,652,9177,0.9863,0.9908,0.9971,0.9755,0.9887,0.9774,0.9949,0.973,0.9952,0.9929,0.9872,0.9966,0.9782,[106204 0 0 0 0 0 0 0 0 0; 9 595 0 0 0 0 2 0 0 0; 33 0 14501 0 0 0 51 0 0 0; 29 0 0 597 0 0 1 0 0 0; 177 0 0 0 7861 0 2 0 0 0; 15 0 0 0 0 324 0 0 0 0; 33 0 0 0 0 0 9286 0 0 0; 0 0 0 0 0 0 2 36 0 0; 182 0 0 0 0 0 3 0 19000 0; 2473 0 0 0 0 0 1 0 0 172649]
0.002,manhattan,58,788,9905,0.9961,0.9908,0.9995,0.6064,0.9993,0.9865,0.9803,0.9867,0.9962,0.9996,0.9541,0.9399,0.9908,[105385 0 0 698 0 0 121 0 0 0; 0 595 0 0 0 0 11 0 0 0; 0 0 14570 13 0 0 2 0 0 0; 0 0 0 627 0 0 0 0 0 0; 0 0 0 4 8028 0 8 0 0 0; 0 0 0 1 0 330 8 0 0 0; 0 0 0 27 0 0 9292 0 0 0; 0 0 0 0 0 0 1 37 0 0; 0 0 1 57 0 0 85 0 19041 1; 0 0 0 14 0 0 111 0 0 174998]
0.002,manhattan,59,725,10436,0.9857,0.9908,0.993,0.5994,0.9749,0.9865,0.9718,0.9589,0.9981,0.9922,0.9451,0.9352,0.9787,[105706 0 0 208 0 0 290 0 0 0; 0 595 0 9 0 0 2 0 0 0; 0 0 14382 12 0 0 191 0 0 0; 0 0 0 627 0 0 0 0 0 0; 0 0 0 394 7646 0 0 0 0 0; 0 0 0 8 0 330 1 0 0 0; 0 0 0 26 0 0 9293 0 0 0; 0 0 0 0 0 0 3 35 0 0; 0 0 0 70 0 0 0 0 19115 0; 2574 0 0 111 0 0 26 0 1 172411]
0.002,manhattan,58,759,9871,0.9866,0.9917,0.9955,0.361,0.9759,0.9865,0.9944,0.9867,0.9954,0.9913,0.9265,0.9192,0.9839,[105499 0 0 695 0 0 10 0 0 0; 0 596 0 7 0 0 3 0 0 0; 0 0 14455 74 0 0 56 0 0 0; 0 0 0 627 0 0 0 0 0 0; 0 0 0 377 7662 0 1 0 0 0; 0 0 0 8 0 330 1 0 0 0; 4 0 0 23 0 0 9291 0 0 0; 0 0 0 0 0 0 1 37 0 0; 0 0 0 174 0 0 3 0 19008 0; 2147 0 0 862 0 0 2 0 0 172112]
0.002,manhattan,62,743,10205,0.988,0.9908,0.9692,0.1513,0.9758,0.9896,0.9912,0.973,0.996,0.9913,0.9016,0.9077,0.974,[103678 0 0 2514 0 0 12 0 0 0; 0 595 0 11 0 0 0 0 0 0; 0 0 13713 839 0 0 33 0 0 0; 0 0 0 627 0 0 0 0 0 0; 0 0 0 380 7660 0 0 0 0 0; 0 0 0 7 0 332 0 0 0 0; 0 0 0 117 0 0 9202 0 0 0; 0 0 0 0 0 0 2 36 0 0; 0 0 0 153 0 0 0 0 19032 0; 0 0 0 3014 0 0 0 0 0 172109]
0.002,manhattan,58,731,10126,0.9818,0.9908,0.9707,0.9493,0.9754,0.985,0.9463,0.973,0.9948,0.9898,0.9757,0.9768,0.9762,[106172 0 0 5 0 0 27 0 0 0; 0 595 0 0 0 0 11 0 0 0; 0 0 13755 9 0 0 821 0 0 0; 0 0 0 627 0 0 0 0 0 0; 344 0 0 13 7654 0 29 0 0 0; 8 0 0 1 0 329 1 0 0 0; 7 0 0 13 0 0 9299 0 0 0; 0 0 0 0 0 0 2 36 0 0; 39 0 0 24 0 0 135 0 18987 0; 3513 0 0 2 0 0 10 0 0 171598]
0.002,manhattan,61,788,10012,0.996,0.99,0.988,0.9755,0.989,0.9805,0.9939,0.9589,0.9972,0.9994,0.9868,0.9985,0.9758,[106203 0 0 0 0 0 1 0 0 0; 10 594 0 0 0 0 2 0 0 0; 290 0 14238 0 0 0 56 0 1 0; 30 0 0 597 0 0 0 0 0 0; 174 0 0 0 7865 0 1 0 0 0; 12 0 0 0 0 326 1 0 0 0; 47 0 0 0 0 0 9272 0 0 0; 0 0 0 0 0 0 3 35 0 0; 104 0 0 0 0 0 2 0 19078 1; 193 0 0 0 0 0 1 0 0 174929]
0.002,manhattan,58,695,9458,0.9868,0.99,0.9972,0.7257,0.9889,0.9985,0.9931,0.9867,0.9974,0.9919,0.9656,0.9537,0.9895,[106143 0 0 58 0 0 3 0 0 0; 0 594 0 11 0 0 1 0 0 0; 0 0 14505 46 0 0 34 0 0 0; 0 0 0 627 0 0 0 0 0 0; 0 0 0 149 7865 0 26 0 0 0; 1 0 0 0 0 338 0 0 0 0; 5 0 0 58 0 0 9256 0 0 0; 0 0 0 0 0 0 1 37 0 0; 0 0 0 98 0 0 0 0 19087 0; 2776 0 0 54 1 0 0 0 0 172292]
0.002,manhattan,61,752,10245,0.9961,0.9925,0.9874,0.9022,0.9888,0.985,0.8735,0.9589,0.9953,0.992,0.9672,0.959,0.9804,[106121 0 0 57 0 0 26 0 0 0; 0 597 0 0 0 0 9 0 0 0; 0 0 14223 0 0 0 362 0 0 0; 0 0 0 627 0 0 0 0 0 0; 0 0 0 18 7865 0 157 0 0 0; 0 0 0 0 0 329 10 0 0 0; 0 0 0 0 0 0 9319 0 0 0; 0 0 0 0 0 0 3 35 0 0; 1 0 0 35 0 0 144 0 19005 0; 756 0 0 26 3 0 1988 0 0 172350]
0.002,manhattan,61,720,9897,0.9862,0.9908,0.9979,0.9851,0.9891,0.9926,0.9941,0.9589,0.9952,0.9928,0.9883,0.994,0.983,[106196 0 0 5 0 0 3 0 0 0; 9 595 0 0 0 0 2 0 0 0; 39 0 14525 0 0 0 21 0 0 0; 0 0 0 627 0 0 0 0 0 0; 173 0 0 0 7867 0 0 0 0 0; 5 0 0 0 0 334 0 0 0 0; 80 0 0 1 0 0 9238 0 0 0; 0 0 0 0 0 0 3 35 0 0; 171 0 0 13 1 0 0 0 19000 0; 2493 0 0 0 0 0 0 0 0 172630]
0.002,manhattan,61,811,10401,0.9889,0.9892,0.991,0.8525,0.9885,0.9881,0.99,0.973,0.9962,0.9944,0.9752,0.9711,0.9833,[106177 0 0 25 0 0 2 0 0 0; 12 593 0 1 0 0 0 0 0 0; 42 0 14325 130 0 0 88 0 0 0; 0 0 0 627 0 0 0 0 0 0; 179 0 0 4 7857 0 0 0 0 0; 7 0 0 1 0 331 0 0 0 0; 48 0 0 47 0 0 9224 0 0 0; 0 0 0 0 0 0 2 36 0 0; 138 0 0 6 0 0 0 0 19041 0; 1934 0 0 3 0 0 0 0 0 173186]
0.002,manhattan,59,808,10652,0.9863,0.9983,0.9961,0.9976,0.999,0.9956,0.992,0.9589,0.9961,0.9921,0.9912,0.9947,0.9881,[106199 0 0 2 0 0 3 0 0 0; 1 604 0 0 0 0 1 0 0 0; 15 0 14471 0 0 0 99 0 0 0; 0 0 0 627 0 0 0 0 0 0; 13 0 0 0 8026 0 1 0 0 0; 0 0 0 0 0 339 0 0 0 0; 34 0 0 1 0 0 9284 0 0 0; 0 0 0 0 0 0 3 35 0 0; 146 0 0 0 0 0 2 0 19037 0; 2733 0 0 0 2 3 6 0 0 172379]
0.002,manhattan,61,720,9894,0.9967,0.9908,0.9976,0.3206,0.9666,0.9896,0.9934,0.9589,0.9942,0.9971,0.9205,0.919,0.9776,[105507 0 0 695 0 0 2 0 0 0; 0 595 0 11 0 0 0 0 0 0; 0 0 14514 70 0 0 1 0 0 0; 0 0 0 627 0 0 0 0 0 0; 0 0 0 519 7521 0 0 0 0 0; 0 0 0 7 0 332 0 0 0 0; 1 0 0 116 0 0 9202 0 0 0; 0 0 0 0 0 0 3 35 0 0; 0 0 0 220 0 0 0 0 18965 0; 0 0 0 1019 0 0 0 0 0 174104]
0.002,manhattan,58,758,10297,0.9991,0.9908,0.9927,0.292,0.9877,0.9941,0.9823,0.9867,0.9965,0.9924,0.9214,0.914,0.9877,[106063 0 0 32 0 0 109 0 0 0; 0 595 0 1 0 0 10 0 0 0; 0 0 14374 79 0 0 132 0 0 0; 0 0 0 627 0 0 0 0 0 0; 0 0 0 164 7844 0 32 0 0 0; 0 0 0 0 0 335 4 0 0 0; 4 0 0 34 0 0 9281 0 0 0; 0 0 0 0 0 0 1 37 0 0; 0 0 0 133 0 0 2 0 19050 0; 42 0 0 2598 0 0 6 0 0 172477]
0.002,manhattan,58,761,10147,0.9924,0.9908,0.9919,0.8868,0.9974,0.9881,0.9792,1.0,0.996,0.9956,0.9818,0.9746,0.9915,[106150 0 0 39 0 0 15 0 0 0; 1 595 0 0 0 0 10 0 0 0; 2 0 14352 9 0 0 222 0 0 0; 0 0 0 627 0 0 0 0 0 0; 8 0 0 5 7998 0 29 0 0 0; 8 0 0 0 0 331 0 0 0 0; 25 0 0 19 0 0 9275 0 0 0; 0 0 0 0 0 0 0 38 0 0; 0 0 0 87 0 0 66 0 19031 1; 1533 0 0 1 0 0 8 0 0 173581]
0.002,manhattan,59,813,10677,0.9984,0.9908,0.9904,0.9721,0.9884,0.9881,0.9454,0.973,0.9957,0.9996,0.9842,0.9842,0.9851,[105876 0 0 30 0 0 298 0 0 0; 0 595 0 0 0 0 11 0 0 0; 0 0 14308 0 0 0 277 0 0 0; 0 0 0 627 0 0 0 0 0 0; 0 0 0 5 7855 0 180 0 0 0; 0 0 0 0 0 331 8 0 0 0; 1 0 0 0 0 0 9318 0 0 0; 0 0 0 0 0 0 2 36 0 0; 0 0 0 1 0 0 162 0 19022 0; 0 0 0 0 0 0 137 0 0 174986]
0.002,manhattan,60,683,9372,0.9965,0.9934,0.9742,0.7623,0.9764,0.9881,0.8443,0.973,0.995,0.9951,0.9498,0.9367,0.9738,[105508 0 0 300 0 0 396 0 0 0; 0 598 0 0 0 0 8 0 0 0; 0 0 13850 7 0 0 728 0 0 0; 0 0 0 598 0 0 29 0 0 0; 0 0 0 0 7669 0 371 0 0 0; 0 0 0 0 0 331 8 0 0 0; 0 0 0 32 0 0 9286 0 0 0; 0 0 0 0 0 0 2 36 0 0; 41 0 0 2 0 0 148 0 18994 0; 14 0 0 3 0 0 1703 0 0 173403]
0.002,manhattan,64,753,10181,0.9911,0.9908,0.9917,0.845,0.9958,0.9865,0.9908,0.973,0.9964,0.9952,0.9756,0.9703,0.9854,[106194 0 0 8 0 0 2 0 0 0; 9 595 0 0 0 0 2 0 0 0; 11 0 14346 129 0 0 99 0 0 0; 0 0 0 627 0 0 0 0 0 0; 59 0 0 8 7973 0 0 0 0 0; 8 0 0 1 0 330 0 0 0 0; 21 0 0 45 0 0 9253 0 0 0; 0 0 0 0 0 0 2 36 0 0; 103 0 0 34 0 0 0 0 19048 0; 1683 0 0 5 0 0 0 0 0 173435]
0.002,manhattan,58,868,10433,0.9982,0.9917,0.9936,0.3867,0.9887,0.9865,0.953,0.973,0.9947,0.9942,0.926,0.9151,0.9842,[105891 0 0 300 3 0 10 0 0 0; 0 596 0 8 0 0 2 0 0 0; 0 0 14399 37 0 0 149 0 0 0; 0 0 0 627 0 0 0 0 0 0; 0 0 0 151 7867 0 22 0 0 0; 0 0 0 3 0 330 6 0 0 0; 2 0 0 28 0 0 9289 0 0 0; 0 0 0 0 0 0 2 36 0 0; 0 0 0 100 0 0 103 0 18982 0; 72 0 0 1362 4 0 593 0 0 173092]
0.002,manhattan,60,810,10950,0.9974,0.9892,0.9967,0.2608,0.9883,0.9896,0.9936,0.9867,0.9966,0.9929,0.9192,0.9149,0.9864,[105654 0 0 548 0 0 2 0 0 0; 0 593 0 13 0 0 0 0 0 0; 0 0 14489 93 0 0 3 0 0 0; 0 0 0 627 0 0 0 0 0 0; 0 0 0 186 7854 0 0 0 0 0; 0 0 0 7 0 332 0 0 0 0; 7 0 0 105 0 0 9207 0 0 0; 0 0 0 0 0 0 1 37 0 0; 0 0 0 130 0 0 0 0 19055 0; 3 0 0 2472 0 0 0 0 0 172648]
0.002,manhattan,57,707,9326,0.9851,0.9787,0.9976,0.94,0.99,0.9881,0.9932,0.9444,0.9942,0.9922,0.9804,0.9825,0.9795,[106179 0 0 24 0 0 1 0 0 0; 8 598 0 0 0 0 0 0 0 0; 39 0 14515 14 0 0 17 0 0 0; 0 0 0 627 0 0 0 0 0 0; 155 0 0 0 7885 0 0 0 0 0; 8 0 0 0 0 331 0 0 0 0; 70 0 0 33 0 0 9216 0 0 0; 0 0 0 0 0 0 4 34 0 0; 194 18 0 9 2 0 0 0 18962 0; 2723 0 0 0 2 0 2 0 0 172396]
0.002,manhattan,61,724,9796,0.9903,0.9917,0.9971,0.2004,0.9884,0.9881,0.9835,0.9867,0.9962,0.9917,0.9114,0.9079,0.9861,[104184 0 0 1811 0 0 209 0 0 0; 0 596 0 8 0 0 2 0 0 0; 0 0 14501 13 0 0 71 0 0 0; 0 0 0 627 0 0 0 0 0 0; 0 0 0 180 7857 0 3 0 0 0; 0 0 0 4 0 331 4 0 0 0; 0 0 0 8 0 0 9311 0 0 0; 0 0 0 0 0 0 1 37 0 0; 0 0 0 140 0 0 7 0 19038 0; 25 0 0 2838 2 0 8 0 0 172250]
0.002,manhattan,59,799,10151,0.9838,0.9908,0.9994,0.9127,0.988,0.9835,0.9952,0.9296,0.9958,0.991,0.977,0.9807,0.9758,[106198 0 0 5 0 0 1 0 0 0; 9 595 1 0 0 0 1 0 0 0; 3 0 14570 12 0 0 0 0 0 0; 0 0 0 627 0 0 0 0 0 0; 188 0 0 2 7850 0 0 0 0 0; 10 0 0 1 0 328 0 0 0 0; 35 0 0 48 0 0 9236 0 0 0; 0 0 0 0 0 0 5 33 0 0; 111 0 1 47 0 0 0 0 19026 0; 3129 0 1 5 0 0 0 0 0 171988]
0.002,manhattan,61,763,10059,0.9996,0.9959,0.9982,0.6183,0.9891,1.0,0.9957,0.973,0.9946,0.9993,0.9564,0.9441,0.9899,[106140 0 0 63 0 0 1 0 0 0; 0 604 0 2 0 0 0 0 0 0; 0 3 14533 39 0 0 10 0 0 0; 0 0 0 627 0 0 0 0 0 0; 0 0 0 173 7867 0 0 0 0 0; 0 0 0 0 0 339 0 0 0 0; 7 0 0 60 0 0 9252 0 0 0; 0 0 0 0 0 0 2 36 0 0; 1 0 0 205 0 0 0 0 18979 0; 6 0 0 232 1 0 0 0 0 174884]
0.002,manhattan,58,799,10369,0.9953,0.99,0.9857,0.9937,0.9899,0.9956,0.8683,0.9589,0.9948,0.997,0.9769,0.9755,0.9819,[105214 0 0 8 0 0 982 0 0 0; 0 594 0 0 0 0 12 0 0 0; 0 0 14173 0 0 0 412 0 0 0; 0 0 0 627 0 0 0 0 0 0; 0 0 0 0 7880 0 160 0 0 0; 0 0 0 0 0 336 3 0 0 0; 0 0 0 0 0 0 9319 0 0 0; 0 0 0 0 0 0 3 35 0 0; 0 0 0 0 0 0 199 0 18986 0; 0 0 0 0 0 0 1055 0 0 174068]
0.002,manhattan,57,766,10119,0.9966,0.9934,0.9946,0.5338,0.9985,0.9865,0.9886,0.9867,0.9953,0.9995,0.9474,0.9345,0.99,[105496 0 0 691 11 0 6 0 0 0; 0 598 0 0 0 0 8 0 0 0; 0 0 14428 23 0 0 134 0 0 0; 0 0 0 627 0 0 0 0 0 0; 0 0 0 7 8032 0 1 0 0 0; 0 0 0 7 0 330 2 0 0 0; 2 0 0 46 0 0 9271 0 0 0; 0 0 0 0 0 0 1 37 0 0; 0 0 0 176 1 0 3 0 19005 0; 0 0 0 145 4 0 10 0 0 174964]
0.002,manhattan,58,788,10136,0.9861,0.9983,0.9785,0.9747,0.9882,0.9881,0.9088,0.973,0.9942,0.9929,0.9783,0.9811,0.9774,[105544 0 0 0 0 0 660 0 0 0; 0 604 0 0 0 0 2 0 0 0; 0 0 13972 0 0 0 613 0 0 0; 0 0 0 596 0 0 31 0 0 0; 0 0 0 0 7853 0 187 0 0 0; 0 0 0 0 0 331 8 0 0 0; 1 0 0 0 0 0 9318 0 0 0; 0 0 0 0 0 0 2 36 0 0; 1 0 0 0 0 0 220 0 18964 0; 2312 0 0 0 0 0 147 0 0 172664]
0.002,manhattan,64,685,9998,0.9911,0.9908,0.9926,0.94,0.9897,0.9896,0.9728,0.9867,0.996,0.9952,0.9844,0.9817,0.9881,[106061 0 0 47 0 0 96 0 0 0; 0 595 0 0 0 0 11 0 0 0; 3 0 14370 16 0 0 196 0 0 0; 0 0 0 627 0 0 0 0 0 0; 1 0 0 3 7876 0 160 0 0 0; 4 0 0 0 0 332 3 0 0 0; 0 0 0 2 0 0 9317 0 0 0; 0 0 0 0 0 0 1 37 0 0; 96 0 0 12 0 0 43 0 19034 0; 1668 0 0 0 0 0 10 0 0 173445]
0.002,manhattan,58,799,10352,0.9878,0.9892,0.9969,0.9646,0.9963,0.9881,0.9927,1.0,0.9995,0.9923,0.9907,0.9887,0.9931,[106184 0 0 9 1 0 10 0 0 0; 0 593 0 0 1 0 12 0 0 0; 0 0 14496 20 1 0 64 0 4 0; 0 0 0 627 0 0 0 0 0 0; 0 0 0 0 8033 0 7 0 0 0; 1 0 0 0 4 331 3 0 0 0; 5 0 0 1 0 0 9313 0 0 0; 0 0 0 0 0 0 0 38 0 0; 0 0 0 1 0 0 11 0 19173 0; 2599 0 0 15 45 0 24 0 5 172435]
0.002,manhattan,56,747,10229,0.9866,0.9892,0.9744,0.7473,0.9895,0.9911,0.9563,0.973,0.9959,0.9921,0.9595,0.949,0.981,[106057 0 0 140 0 0 7 0 0 0; 1 593 0 0 0 0 12 0 0 0; 2 0 13858 9 0 0 716 0 0 0; 0 0 0 627 0 0 0 0 0 0; 0 0 0 165 7873 0 2 0 0 0; 6 0 0 0 0 333 0 0 0 0; 2 0 0 18 0 0 9299 0 0 0; 0 0 0 0 0 0 2 36 0 0; 3 0 0 87 0 0 65 0 19030 0; 2724 0 0 5 0 0 26 0 0 172368]
0.002,manhattan,63,751,10105,0.9866,0.9908,0.9989,0.5098,0.977,0.9881,0.9959,0.9444,0.9961,0.9923,0.938,0.9315,0.9775,[105773 0 0 422 0 0 9 0 0 0; 0 595 0 8 0 0 3 0 0 0; 0 0 14553 20 0 0 12 0 0 0; 0 0 0 627 0 0 0 0 0 0; 0 0 0 359 7678 0 3 0 0 0; 0 0 0 8 0 331 0 0 0 0; 2 0 0 33 0 0 9284 0 0 0; 0 0 0 0 0 0 4 34 0 0; 0 0 0 138 0 0 10 0 19037 0; 2442 0 0 218 0 0 1 0 0 172462]
0.002,manhattan,60,857,10446,0.999,0.9917,0.9886,0.974,0.8416,0.9585,0.979,0.9867,0.995,0.9915,0.9706,0.968,0.978,[106185 0 0 1 13 0 5 0 0 0; 0 596 0 0 1 0 9 0 0 0; 0 0 14257 0 10 0 318 0 0 0; 0 0 0 599 28 0 0 0 0 0; 0 0 0 0 8038 0 2 0 0 0; 0 0 0 0 26 312 1 0 0 0; 1 0 0 3 28 0 9287 0 0 0; 0 0 0 0 0 0 1 37 0 0; 1 0 0 0 178 0 12 0 18994 0; 187 0 0 0 2739 0 18 0 0 172179]
0.002,manhattan,59,760,9940,0.9908,0.9917,0.9937,0.1817,0.9757,0.9743,0.9905,0.9589,0.9946,0.9918,0.9044,0.9093,0.9737,[104267 0 0 1906 0 0 31 0 0 0; 0 596 0 8 0 0 2 0 0 0; 0 0 14402 155 0 0 28 0 0 0; 0 0 0 627 0 0 0 0 0 0; 0 0 0 381 7659 0 0 0 0 0; 0 0 0 17 0 322 0 0 0 0; 0 0 0 111 0 0 9208 0 0 0; 0 0 0 0 0 0 3 35 0 0; 0 0 0 207 0 0 0 0 18978 0; 0 0 0 2861 0 0 1 0 0 172261]
0.002,manhattan,60,677,9679,0.9741,0.9925,0.9984,0.2156,0.9762,0.9881,0.9804,0.9589,0.9958,0.9905,0.9071,0.9091,0.9745,[103255 0 0 2929 0 0 20 0 0 0; 0 597 0 0 0 0 9 0 0 0; 0 0 14538 28 0 0 19 0 0 0; 0 0 0 627 0 0 0 0 0 0; 0 0 0 374 7666 0 0 0 0 0; 0 0 0 8 0 331 0 0 0 0; 0 0 0 307 0 0 9011 0 0 0; 0 0 0 0 0 0 3 35 0 0; 0 0 0 161 0 0 0 0 19024 0; 2534 0 0 756 0 0 2 0 0 171831]
0.002,manhattan,57,670,9654,0.9866,0.9917,0.9965,0.9636,0.989,0.9896,0.9526,0.9296,0.9951,0.9923,0.9787,0.9885,0.9705,[105901 0 0 0 0 0 303 0 0 0; 0 596 0 0 0 0 10 0 0 0; 0 0 14483 0 0 0 102 0 0 0; 0 0 0 583 0 0 44 0 0 0; 0 0 0 0 7868 0 172 0 0 0; 0 0 0 0 0 332 7 0 0 0; 0 0 0 0 0 0 9319 0 0 0; 0 0 0 0 0 0 5 33 0 0; 1 0 0 0 0 0 185 0 18999 0; 2581 0 0 0 3 0 100 0 0 172439]
0.002,manhattan,56,728,9584,0.9951,0.9908,0.9964,0.3118,0.9993,0.9865,0.9946,1.0,0.9954,0.9948,0.9265,0.9181,0.991,[105400 0 0 799 0 0 5 0 0 0; 0 595 0 10 1 0 0 0 0 0; 0 0 14480 102 1 0 2 0 0 0; 0 0 0 627 0 0 0 0 0 0; 0 0 0 8 8032 0 0 0 0 0; 0 0 0 9 0 330 0 0 0 0; 0 0 0 94 0 0 9225 0 0 0; 0 0 0 0 0 0 0 38 0 0; 0 0 0 176 0 0 0 0 19009 0; 232 0 0 1570 1 0 0 0 0 173320]
0.002,manhattan,52,677,9137,0.9879,0.9543,0.9944,0.9763,0.9981,0.9881,0.9816,0.9589,0.9963,0.9926,0.9828,0.9854,0.9812,[106172 0 0 0 0 0 32 0 0 0; 0 605 0 0 0 0 1 0 0 0; 1 1 14423 0 0 0 160 0 0 0; 0 0 0 598 0 0 29 0 0 0; 4 0 0 0 8009 0 27 0 0 0; 7 0 0 0 0 331 1 0 0 0; 1 0 0 0 0 0 9318 0 0 0; 0 0 0 0 0 0 3 35 0 0; 1 56 0 0 0 0 84 0 19044 0; 2556 0 0 0 0 0 12 0 0 172555]
0.002,manhattan,57,792,10469,0.9766,0.9892,0.9821,0.9944,0.9994,0.9881,0.9712,0.9444,0.9963,0.9858,0.9827,0.9888,0.9777,[106190 0 0 3 0 0 11 0 0 0; 10 593 0 0 0 0 3 0 0 0; 2 0 14072 0 0 0 511 0 0 0; 0 0 0 627 0 0 0 0 0 0; 7 0 0 0 8032 0 1 0 0 0; 8 0 0 0 0 331 0 0 0 0; 5 0 0 1 0 0 9313 0 0 0; 0 0 0 0 0 0 4 34 0 0; 129 0 0 3 1 0 10 0 19042 0; 4906 0 0 0 0 0 7 0 0 170210]
0.002,manhattan,60,796,10499,0.9903,0.9908,0.9941,0.7616,0.9818,0.9835,0.9888,1.0,0.9979,0.9948,0.9684,0.956,0.9875,[105761 0 0 308 104 0 15 0 16 0; 0 595 0 0 1 0 2 0 8 0; 0 0 14413 8 6 0 121 0 37 0; 0 0 0 599 28 0 0 0 0 0; 0 0 0 0 8039 0 0 0 1 0; 0 0 0 0 5 328 5 0 1 0; 0 0 0 15 8 0 9291 0 5 0; 0 0 0 0 0 0 0 38 0 0; 0 0 0 0 1 0 9 0 19175 0; 1627 0 0 16 144 0 30 0 2 173304]
0.002,manhattan,59,758,10025,0.9829,0.9498,0.9856,0.5997,0.9757,0.9881,0.983,0.9444,0.996,0.9895,0.9395,0.9276,0.9755,[106146 0 0 56 0 0 2 0 0 0; 0 606 0 0 0 0 0 0 0 0; 1 64 14170 137 0 0 213 0 0 0; 0 0 0 627 0 0 0 0 0 0; 4 0 0 377 7659 0 0 0 0 0; 0 0 0 8 0 331 0 0 0 0; 9 0 0 90 0 0 9220 0 0 0; 0 0 0 0 0 0 4 34 0 0; 2 0 0 152 0 0 0 0 19031 0; 3619 0 0 17 0 0 1 0 0 171486]
0.002,manhattan,60,704,9726,0.9967,0.9908,0.996,0.2772,0.9805,0.9881,0.9926,0.973,0.996,0.9942,0.9185,0.9152,0.9828,[105510 0 0 683 0 0 11 0 0 0; 1 595 0 1 0 0 9 0 0 0; 4 0 14468 81 0 0 32 0 0 0; 0 0 0 627 0 0 0 0 0 0; 0 0 0 287 7732 0 21 0 0 0; 0 0 0 7 0 331 1 0 0 0; 0 0 0 53 0 0 9265 0 0 0; 0 0 0 0 0 0 2 36 0 0; 0 0 0 150 0 0 4 0 19031 0; 1 0 0 2008 0 0 6 0 0 173108]
0.002,manhattan,60,767,10444,0.9972,0.9908,0.995,0.348,0.9882,0.9865,0.9364,0.9867,0.9955,0.9927,0.9217,0.9094,0.9863,[105667 0 0 401 0 0 136 0 0 0; 0 595 0 4 0 0 7 0 0 0; 0 0 14441 38 0 0 106 0 0 0; 0 0 0 627 0 0 0 0 0 0; 0 0 0 186 7852 0 2 0 0 0; 0 0 0 0 0 330 9 0 0 0; 1 0 0 42 0 0 9276 0 0 0; 0 0 0 0 0 0 1 37 0 0; 0 0 0 167 0 0 4 0 19014 0; 62 0 0 1511 0 0 953 0 0 172597]
0.002,manhattan,59,758,9910,0.9971,0.9925,0.9957,0.2578,0.989,0.9865,0.9885,1.0,0.9968,0.9915,0.9195,0.9131,0.9893,[105751 0 0 448 0 0 5 0 0 0; 0 597 0 1 0 0 8 0 0 0; 0 0 14460 14 0 0 111 0 0 0; 0 0 0 627 0 0 0 0 0 0; 0 0 0 173 7866 0 1 0 0 0; 0 0 0 9 0 330 0 0 0 0; 3 0 0 68 0 0 9248 0 0 0; 0 0 0 0 0 0 0 38 0 0; 0 0 0 121 0 0 1 0 19063 0; 165 0 0 2777 1 0 19 0 0 172161]
0.002,manhattan,58,756,9878,0.9978,0.9983,0.9985,0.2564,0.9993,0.9865,0.9787,0.9867,0.9989,0.9923,0.9193,0.9146,0.9876,[105739 0 0 465 0 0 0 0 0 0; 0 604 0 2 0 0 0 0 0 0; 0 0 14542 43 0 0 0 0 0 0; 0 0 0 627 0 0 0 0 0 0; 0 0 0 9 8031 0 0 0 0 0; 0 0 0 9 0 330 0 0 0 0; 6 0 0 381 0 0 8932 0 0 0; 0 0 0 0 0 0 1 37 0 0; 0 0 0 44 0 0 0 0 19141 0; 1 0 0 2684 3 0 0 0 0 172435]
0.002,manhattan,58,763,10583,0.9879,0.9975,0.9952,0.9992,0.9985,0.9881,0.9717,0.9589,0.9957,0.9922,0.9885,0.9918,0.9858,[106147 0 0 1 8 0 48 0 0 0; 0 603 0 0 1 0 2 0 0 0; 0 0 14445 0 0 0 140 0 0 0; 0 0 0 627 0 0 0 0 0 0; 0 0 0 0 8038 0 2 0 0 0; 0 0 0 0 0 331 8 0 0 0; 2 0 0 0 0 0 9317 0 0 0; 0 0 0 0 0 0 3 35 0 0; 0 0 0 0 7 0 157 0 19021 0; 2536 0 0 0 6 0 180 0 0 172401]
0.002,manhattan,56,754,9857,0.9963,0.9917,0.9947,0.251,0.9989,0.9835,0.9898,0.9867,0.996,0.9922,0.9181,0.9128,0.9877,[105416 0 0 774 0 0 14 0 0 0; 0 596 0 0 0 0 10 0 0 0; 0 0 14432 36 0 0 117 0 0 0; 0 0 0 627 0 0 0 0 0 0; 0 0 0 14 8025 0 1 0 0 0; 0 0 0 7 0 328 4 0 0 0; 1 0 0 42 0 0 9276 0 0 0; 0 0 0 0 0 0 1 37 0 0; 0 0 0 151 0 0 0 0 19034 0; 1 0 0 2718 2 0 2 0 0 172400]
0.002,manhattan,57,707,9632,0.9939,0.99,0.9975,0.9731,0.9888,1.0,0.9934,0.9867,0.9973,0.9973,0.9918,0.9976,0.9862,[106197 0 0 2 0 0 1 0 0 4; 1 594 0 0 0 0 11 0 0 0; 12 0 14513 0 0 0 59 0 0 1; 29 0 0 596 0 0 2 0 0 0; 175 0 0 0 7863 0 2 0 0 0; 0 0 0 0 0 339 0 0 0 0; 42 0 0 0 0 0 9277 0 0 0; 0 0 0 0 0 0 1 37 0 0; 103 0 0 0 0 0 0 0 19081 1; 926 0 0 0 1 0 6 0 0 174190]
0.002,manhattan,61,831,10567,0.9983,0.9975,0.9958,0.4013,0.9757,0.985,0.9281,0.9444,0.9953,0.9928,0.9214,0.9119,0.9774,[106030 0 0 165 0 0 9 0 0 0; 0 603 0 2 0 0 1 0 0 0; 0 0 14464 56 0 0 65 0 0 0; 0 0 0 627 0 0 0 0 0 0; 0 0 0 357 7659 0 24 0 0 0; 0 0 0 8 0 329 2 0 0 0; 2 0 0 49 0 0 9268 0 0 0; 0 0 0 0 0 0 4 34 0 0; 0 0 0 180 0 0 0 0 19005 0; 179 0 0 1054 0 0 1280 0 0 172610]
0.002,manhattan,60,813,10710,0.9957,0.9908,0.9917,0.2539,0.9961,0.9881,0.9849,0.9444,0.998,0.9925,0.9136,0.9118,0.9798,[105286 0 0 874 0 0 44 0 0 0; 0 595 0 9 0 0 2 0 0 0; 0 0 14345 34 0 0 203 0 3 0; 0 0 0 627 0 0 0 0 0 0; 0 0 0 62 7978 0 0 0 0 0; 0 0 0 6 0 331 2 0 0 0; 0 0 0 26 0 0 9293 0 0 0; 0 0 0 0 0 0 4 34 0 0; 0 0 0 73 0 0 1 0 19111 0; 0 0 0 2600 1 0 3 0 1 172518]
0.002,manhattan,61,759,10686,0.971,0.9908,0.9981,0.849,0.9888,0.9911,0.9962,1.0,0.9954,0.9823,0.9763,0.9679,0.9888,[106189 0 0 14 0 0 1 0 0 0; 9 595 0 1 0 0 1 0 0 0; 3 0 14530 36 0 0 16 0 0 0; 0 0 0 627 0 0 0 0 0 0; 173 0 0 5 7862 0 0 0 0 0; 6 0 0 0 0 333 0 0 0 0; 13 0 0 40 0 0 9266 0 0 0; 0 0 0 0 0 0 0 38 0 0; 61 0 0 115 0 0 0 0 19009 0; 6073 0 0 12 0 0 0 0 0 169038]
0.002,manhattan,54,769,10037,0.9877,0.9908,0.9986,0.3428,0.9864,0.968,0.9945,0.9867,0.9958,0.9916,0.9243,0.9188,0.9822,[105397 0 0 793 0 0 14 0 0 0; 0 595 0 11 0 0 0 0 0 0; 0 0 14545 39 0 0 1 0 0 0; 0 0 0 627 0 0 0 0 0 0; 0 0 0 215 7825 0 0 0 0 0; 0 0 0 20 0 318 1 0 0 0; 0 0 0 86 0 0 9233 0 0 0; 0 0 0 0 0 0 1 37 0 0; 0 0 0 162 0 0 0 0 19023 0; 1827 0 0 1078 0 0 0 0 0 172218]
0.002,manhattan,61,706,10117,0.9888,0.9917,0.9975,0.334,0.9746,0.9985,0.9941,0.9867,0.9949,0.9928,0.9254,0.9184,0.9858,[105387 0 0 807 0 0 10 0 0 0; 0 596 0 10 0 0 0 0 0 0; 0 0 14513 71 0 0 1 0 0 0; 0 0 0 627 0 0 0 0 0 0; 0 0 0 398 7642 0 0 0 0 0; 0 0 0 1 0 338 0 0 0 0; 0 0 0 96 0 0 9223 0 0 0; 0 0 0 0 0 0 1 37 0 0; 0 0 0 193 0 0 0 0 18992 0; 1561 0 0 925 0 0 1 0 0 172636]
0.002,manhattan,55,701,9618,0.9871,0.9892,0.9754,0.686,0.9988,0.9896,0.9537,0.9867,0.9962,0.9926,0.9555,0.9414,0.9852,[105837 0 0 357 0 0 10 0 0 0; 0 593 0 10 0 0 3 0 0 0; 0 0 13884 13 0 0 688 0 0 0; 0 0 0 627 0 0 0 0 0 0; 1 0 0 8 8027 0 4 0 0 0; 7 0 0 0 0 332 0 0 0 0; 1 0 0 36 0 0 9281 0 0 0; 0 0 0 0 0 0 1 37 0 0; 0 0 0 141 0 0 4 0 19040 0; 2390 0 0 9 6 0 154 0 0 172564]
0.002,manhattan,57,747,9920,0.9983,0.9892,0.9988,0.3989,0.988,0.9896,0.9933,0.9867,0.996,0.9968,0.9336,0.9245,0.9879,[105856 0 0 334 0 0 14 0 0 0; 0 593 0 13 0 0 0 0 0 0; 0 0 14549 36 0 0 0 0 0 0; 0 0 0 627 0 0 0 0 0 0; 0 0 0 191 7849 0 0 0 0 0; 0 0 0 7 0 332 0 0 0 0; 0 0 0 85 0 0 9234 0 0 0; 0 0 0 0 0 0 1 37 0 0; 0 0 0 153 0 0 0 0 19032 0; 5 0 0 1071 0 0 25 0 0 174022]
0.002,manhattan,64,773,10481,0.9879,0.99,0.9777,0.1565,0.9763,0.9911,0.9196,0.9867,0.9957,0.9929,0.8974,0.9034,0.9691,[103656 0 0 2544 0 0 4 0 0 0; 0 594 0 12 0 0 0 0 0 0; 0 0 13949 194 0 0 442 0 0 0; 0 0 0 627 0 0 0 0 0 0; 0 0 0 373 7667 0 0 0 0 0; 0 0 0 6 0 333 0 0 0 0; 0 0 0 1007 0 0 8312 0 0 0; 0 0 0 0 0 0 1 37 0 0; 0 0 0 163 0 0 0 0 19022 0; 0 0 0 2462 0 0 0 0 0 172661]
0.002,manhattan,58,739,9450,0.9922,0.9859,0.9986,0.8366,0.9891,1.0,0.9821,0.9867,0.995,0.9951,0.9761,0.9659,0.9911,[106150 0 0 38 0 0 16 0 0 0; 0 596 0 0 0 0 10 0 0 0; 0 0 14545 8 0 0 32 0 0 0; 0 0 0 627 0 0 0 0 0 0; 9 0 0 0 7866 0 165 0 0 0; 0 0 0 0 0 339 0 0 0 0; 2 0 0 17 0 0 9300 0 0 0; 0 0 0 0 0 0 1 37 0 0; 1 7 0 91 0 0 90 0 18996 0; 1598 0 0 91 0 0 6 0 0 173428]
0.002,manhattan,60,720,9874,0.992,0.9917,0.9791,0.4918,0.9888,0.9789,0.9907,0.973,0.9949,0.9942,0.9375,0.9298,0.9798,[106187 0 0 15 0 0 2 0 0 0; 0 596 0 4 0 0 6 0 0 0; 0 0 13989 506 0 0 90 0 0 0; 0 0 0 627 0 0 0 0 0 0; 6 0 0 162 7863 0 9 0 0 0; 13 0 0 0 0 325 1 0 0 0; 24 0 0 39 0 0 9256 0 0 0; 0 0 0 0 0 0 2 36 0 0; 0 0 0 193 0 0 0 0 18992 0; 1647 0 0 377 1 0 1 0 0 173097]
0.002,manhattan,61,772,10114,0.9885,0.9967,0.9762,0.9619,0.9889,0.9896,0.9621,1.0,0.9951,0.9944,0.9853,0.9911,0.9803,[106199 0 0 0 0 0 5 0 0 0; 3 602 0 0 0 0 1 0 0 0; 36 0 13908 0 0 0 641 0 0 0; 36 0 0 581 2 0 8 0 0 0; 172 0 0 0 7867 0 1 0 0 0; 7 0 0 0 0 332 0 0 0 0; 70 0 0 0 0 0 9249 0 0 0; 0 0 0 0 0 0 0 38 0 0; 185 0 0 0 1 0 0 0 18999 0; 1953 0 0 0 0 0 2 0 0 173168]
0.002,manhattan,58,719,9360,0.9967,0.9892,0.9933,0.3191,0.9922,0.9835,0.9952,0.9867,0.9952,0.9952,0.9246,0.917,0.9875,[105500 0 0 601 101 0 2 0 0 0; 0 593 0 10 0 0 3 0 0 0; 0 0 14390 148 2 0 45 0 0 0; 0 0 0 627 0 0 0 0 0 0; 0 0 0 11 8029 0 0 0 0 0; 0 0 0 11 0 328 0 0 0 0; 0 0 0 34 3 0 9282 0 0 0; 0 0 0 0 0 0 1 37 0 0; 0 0 0 181 1 0 0 0 19003 0; 0 0 0 1680 8 0 2 0 0 173433]
0.002,manhattan,54,721,9560,0.9833,0.9657,0.9943,1.0,0.9889,0.985,0.969,0.9867,0.9963,0.992,0.9861,0.9846,0.9882,[105741 0 0 0 0 0 463 0 0 0; 0 606 0 0 0 0 0 0 0 0; 49 21 14420 0 0 0 95 0 0 0; 0 0 0 627 0 0 0 0 0 0; 163 0 0 0 7863 0 14 0 0 0; 9 0 0 0 0 329 1 0 0 0; 10 0 0 0 0 0 9309 0 0 0; 0 0 0 0 0 0 1 37 0 0; 114 22 0 0 0 0 6 0 19043 0; 2791 0 0 0 0 0 5 0 0 172327]
0.002,manhattan,59,789,10052,0.9937,0.9892,0.9986,0.5633,0.9755,1.0,0.995,0.973,0.9961,0.9955,0.948,0.9379,0.9849,[106166 0 0 37 0 0 1 0 0 0; 0 593 0 13 0 0 0 0 0 0; 0 0 14544 39 0 0 2 0 0 0; 0 0 0 627 0 0 0 0 0 0; 0 0 0 384 7656 0 0 0 0 0; 0 0 0 0 0 339 0 0 0 0; 6 0 0 81 0 0 9232 0 0 0; 0 0 0 0 0 0 2 36 0 0; 0 0 0 150 0 0 0 0 19035 0; 1310 0 0 268 0 0 0 0 0 173545]
0.002,manhattan,62,819,10894,0.9919,0.9908,0.9874,0.8775,0.9984,0.9881,0.967,0.9296,0.9962,0.9956,0.9722,0.9705,0.9779,[105984 0 0 147 0 0 73 0 0 0; 0 595 0 0 0 0 11 0 0 0; 0 0 14223 1 0 0 361 0 0 0; 0 0 0 627 0 0 0 0 0 0; 0 0 0 6 8016 0 18 0 0 0; 4 0 0 3 0 331 1 0 0 0; 0 0 0 14 0 0 9305 0 0 0; 0 0 0 0 0 0 5 33 0 0; 0 0 0 2 0 0 141 0 19041 1; 1517 0 0 2 1 0 11 0 0 173592]
