wndwPercent,metric,windows,kmerset,final_len,HIV1_F,HIV1_C,HIV1_D,HIV1_B,HIV1_G,HIV1_A,macro_f1,macro_precision,macro_recall,cm
0.002,manhattan,11,4635,8768,0.1739,0.4035,0.9231,0.9851,0.359,0.4341,0.5464,0.5503,0.5554,[6 7 1 0 6 8; 15 23 1 0 11 17; 0 0 24 2 0 0; 0 0 0 66 0 0; 7 4 0 0 14 6; 13 13 0 0 16 28]
0.002,manhattan,11,4583,8836,0.2388,0.5,0.9123,1.0,0.3125,0.4429,0.5678,0.5636,0.5807,[8 4 1 0 5 10; 7 29 0 0 9 22; 0 0 26 0 0 0; 0 0 0 66 0 0; 8 6 0 0 10 7; 16 10 4 0 9 31]
0.002,manhattan,10,4659,8847,0.254,0.5802,0.8966,1.0,0.3099,0.4463,0.5812,0.5732,0.5989,[8 8 1 0 8 3; 10 38 0 0 7 12; 0 0 26 0 0 0; 0 0 0 66 0 0; 6 5 0 0 11 9; 11 13 5 0 14 27]
0.002,manhattan,9,4640,8781,0.3636,0.5039,0.8929,0.9926,0.3143,0.371,0.5731,0.5626,0.5918,[12 4 1 0 5 6; 9 32 1 0 9 16; 1 0 25 0 0 0; 0 0 0 67 0 0; 4 7 0 0 11 9; 12 17 3 1 14 23]
0.002,manhattan,13,4565,8778,0.2373,0.4667,0.8679,0.9853,0.2,0.36,0.5195,0.5202,0.522,[7 6 2 0 1 12; 5 28 1 0 9 24; 1 0 23 2 0 0; 0 0 0 67 0 0; 3 5 0 0 6 17; 15 14 1 0 13 27]
0.002,manhattan,9,4592,8789,0.1875,0.4602,0.8679,0.9778,0.2299,0.371,0.5157,0.5241,0.523,[6 1 2 0 15 4; 9 26 0 0 13 19; 0 0 23 3 0 0; 0 0 0 66 0 0; 10 3 0 0 10 8; 11 16 2 0 18 23]
0.002,manhattan,14,4624,8761,0.3333,0.4874,0.8696,0.964,0.2857,0.4355,0.5626,0.584,0.5613,[11 4 0 0 4 9; 11 29 0 0 13 14; 1 0 20 4 1 0; 0 0 0 67 0 0; 5 10 0 0 12 4; 10 9 0 1 23 27]
0.002,manhattan,10,4596,8767,0.3836,0.4628,0.8679,0.9851,0.1846,0.4769,0.5602,0.5576,0.5732,[14 4 1 0 5 4; 9 28 1 0 10 19; 1 0 23 2 0 0; 0 0 0 66 0 0; 7 11 1 0 6 6; 14 11 1 0 13 31]
0.002,manhattan,12,4579,8759,0.2647,0.437,0.8525,1.0,0.1639,0.3704,0.5147,0.5032,0.538,[9 6 3 0 4 6; 11 26 0 0 8 22; 0 0 26 0 0 0; 0 0 0 66 0 0; 6 7 1 0 5 12; 14 13 5 0 13 25]
0.002,manhattan,10,4625,8756,0.2963,0.3238,0.9091,0.9925,0.3333,0.3949,0.5416,0.5419,0.5551,[8 3 0 0 6 11; 3 17 1 0 9 37; 0 0 25 1 0 0; 0 0 0 66 0 0; 6 4 1 0 12 8; 9 14 2 0 14 31]
0.002,manhattan,8,4686,8775,0.2687,0.4771,0.8519,0.9851,0.3038,0.4812,0.5613,0.5666,0.5731,[9 3 2 0 8 6; 13 26 1 0 11 16; 1 0 23 2 0 0; 0 0 0 66 0 0; 5 4 1 0 12 9; 11 9 1 0 17 32]
0.002,manhattan,11,4605,8851,0.3,0.4202,0.9057,0.9851,0.1739,0.4113,0.5327,0.5313,0.5376,[9 4 2 0 5 8; 7 25 1 0 9 25; 0 0 24 2 0 0; 0 0 0 66 0 0; 6 10 0 0 6 9; 10 13 0 0 18 29]
0.002,manhattan,10,4623,8745,0.2857,0.3617,0.8421,0.9851,0.2826,0.3971,0.5257,0.5423,0.5506,[9 0 2 0 8 9; 13 17 1 0 17 19; 0 0 24 2 0 0; 0 0 0 66 0 0; 4 2 1 0 13 11; 9 8 3 0 23 27]
0.002,manhattan,11,4633,8800,0.3243,0.5082,0.84,0.964,0.2034,0.4328,0.5454,0.5496,0.5511,[12 3 1 0 3 9; 13 31 0 0 6 17; 1 0 21 4 0 0; 0 0 0 67 0 0; 6 9 1 0 6 9; 14 12 1 1 13 29]
0.002,manhattan,13,4540,8742,0.3099,0.5045,0.8679,0.9851,0.0727,0.4211,0.5269,0.5314,0.5362,[11 0 2 0 4 11; 7 28 0 0 6 26; 0 0 23 2 0 1; 0 0 0 66 0 0; 6 9 2 0 2 12; 19 7 0 0 12 32]
0.002,manhattan,13,4635,8761,0.3077,0.5037,0.84,0.9496,0.3421,0.3784,0.5536,0.5584,0.5653,[10 4 0 0 9 5; 10 34 0 0 12 11; 0 0 21 5 0 0; 0 0 0 66 0 0; 5 9 0 0 13 4; 12 21 3 2 11 21]
0.002,manhattan,12,4556,8776,0.2903,0.3774,0.84,0.971,0.375,0.4789,0.5554,0.5624,0.5662,[9 2 3 0 9 5; 11 20 0 0 11 25; 1 0 21 4 0 0; 0 0 0 67 0 0; 1 7 0 0 15 8; 12 10 0 0 14 34]
0.002,manhattan,13,4595,8714,0.254,0.4464,0.8254,1.0,0.2812,0.4789,0.5477,0.5386,0.5725,[8 3 6 0 4 7; 10 25 1 0 10 21; 0 0 26 0 0 0; 0 0 0 66 0 0; 5 7 0 0 9 10; 12 10 4 0 10 34]
0.002,manhattan,10,4523,8727,0.4412,0.4545,0.9455,1.0,0.2647,0.4132,0.5865,0.5778,0.6052,[15 5 0 0 5 3; 10 30 0 0 11 16; 0 0 26 0 0 0; 0 0 0 66 0 0; 5 9 1 0 9 7; 10 21 2 0 12 25]
0.002,manhattan,7,4604,8857,0.2258,0.5294,0.7719,0.964,0.169,0.449,0.5182,0.5327,0.5274,[7 2 5 0 4 10; 9 27 1 0 9 21; 1 0 22 3 0 0; 0 0 0 67 0 0; 8 3 0 1 6 13; 9 3 3 1 21 33]
0.002,manhattan,10,4652,8722,0.3953,0.5833,0.9455,1.0,0.2121,0.359,0.5825,0.5828,0.6092,[17 0 1 0 4 6; 9 35 0 0 8 15; 0 0 26 0 0 0; 0 0 0 67 0 0; 10 9 0 0 7 5; 22 9 2 0 16 21]
0.002,manhattan,12,4604,8749,0.3636,0.5224,0.9412,0.9853,0.3385,0.4444,0.5992,0.5988,0.6048,[12 5 1 0 6 4; 8 35 0 0 6 18; 0 0 24 2 0 0; 0 0 0 67 0 0; 6 8 0 0 11 6; 12 19 0 0 11 28]
0.002,manhattan,13,4572,8772,0.4375,0.4878,0.8846,0.9853,0.1091,0.4459,0.5584,0.5547,0.5668,[14 5 0 0 1 8; 5 30 0 0 8 24; 0 0 23 2 0 1; 0 0 0 67 0 0; 5 10 1 0 3 12; 12 11 2 0 12 33]
0.002,manhattan,11,4616,8721,0.1695,0.4174,0.8519,0.971,0.2778,0.4286,0.5194,0.5165,0.5288,[5 3 3 0 7 10; 9 24 0 0 11 23; 0 0 23 3 0 0; 0 0 0 67 0 0; 3 11 0 0 10 7; 14 10 2 1 13 30]
0.002,manhattan,11,4551,8738,0.209,0.528,0.7925,0.9571,0.2078,0.3448,0.5065,0.5088,0.5157,[7 3 4 0 8 6; 6 33 0 1 12 15; 0 0 21 4 1 0; 0 0 0 67 0 0; 7 11 0 0 8 5; 19 11 2 1 17 20]
0.002,manhattan,12,4544,8678,0.3824,0.5581,0.92,0.9781,0.2222,0.5038,0.5941,0.5968,0.5972,[13 6 1 0 4 4; 11 36 0 0 8 12; 0 0 23 3 0 0; 0 0 0 67 0 0; 4 8 0 0 7 12; 12 12 0 0 13 33]
0.002,manhattan,9,4634,8803,0.3333,0.4948,0.8571,0.9635,0.2535,0.3939,0.5493,0.5882,0.5606,[15 0 1 0 5 7; 12 24 1 0 9 21; 1 0 21 4 0 0; 0 0 0 66 0 0; 11 3 0 0 9 8; 23 3 0 1 17 26]
0.002,manhattan,12,4595,8819,0.3099,0.4821,0.7925,0.9504,0.3939,0.563,0.582,0.5825,0.5943,[11 5 3 0 4 5; 13 27 2 0 8 17; 1 0 21 4 0 0; 0 0 0 67 0 0; 8 4 0 1 13 5; 10 9 1 2 10 38]
0.002,manhattan,10,4621,8817,0.3125,0.5172,0.9455,1.0,0.32,0.3881,0.5806,0.5776,0.5939,[10 4 1 0 7 6; 7 30 0 0 8 22; 0 0 26 0 0 0; 0 0 0 66 0 0; 4 5 0 0 12 10; 15 10 2 0 17 26]
0.002,manhattan,12,4629,8764,0.2857,0.5203,0.8846,0.9926,0.1081,0.5323,0.5539,0.5639,0.5533,[10 7 2 0 8 1; 15 32 1 0 7 12; 1 0 23 1 1 0; 0 0 0 67 0 0; 7 12 0 0 4 8; 9 5 0 0 23 33]
0.002,manhattan,11,4595,8755,0.2258,0.4031,0.8421,0.9781,0.303,0.3937,0.5243,0.5135,0.5402,[7 9 3 0 4 5; 11 26 0 0 10 20; 0 0 24 2 0 0; 0 0 0 67 0 0; 3 10 1 0 10 7; 13 17 3 1 11 25]
0.002,manhattan,10,4554,8836,0.25,0.4821,0.8136,0.9853,0.2353,0.3817,0.5247,0.5215,0.5438,[9 3 4 0 4 8; 15 27 1 0 8 16; 0 0 24 2 0 0; 0 0 0 67 0 0; 6 5 0 0 8 12; 14 10 4 0 17 25]
0.002,manhattan,11,4630,8742,0.3158,0.4587,0.88,0.9571,0.2105,0.4882,0.5517,0.5714,0.5652,[15 5 0 0 3 5; 19 25 0 1 5 17; 0 0 22 4 0 0; 0 0 0 67 0 0; 14 6 1 0 6 4; 19 6 1 1 12 31]
0.002,manhattan,13,4655,8759,0.2703,0.4068,0.7937,0.9853,0.1754,0.4462,0.513,0.5017,0.5421,[10 6 3 0 4 5; 18 24 3 0 10 12; 0 0 25 1 0 0; 0 0 0 67 0 0; 3 8 1 0 5 14; 15 13 5 1 7 29]
0.002,manhattan,14,4597,8772,0.3951,0.4717,0.8889,0.9925,0.2462,0.4234,0.5696,0.5755,0.59,[16 2 0 0 4 6; 14 25 1 0 9 18; 0 0 24 1 0 1; 0 0 0 66 0 0; 5 4 1 0 8 13; 18 8 2 0 13 29]
0.002,manhattan,12,4607,8775,0.2716,0.5758,0.8276,0.9851,0.2222,0.3148,0.5328,0.5298,0.5586,[11 2 5 0 4 6; 13 38 0 0 10 6; 0 0 24 2 0 0; 0 0 0 66 0 0; 8 6 1 0 7 9; 21 19 2 0 11 17]
0.002,manhattan,10,4681,8769,0.3014,0.5217,0.9057,0.9853,0.3,0.4959,0.585,0.5937,0.5966,[11 1 2 0 10 4; 13 30 0 0 13 11; 0 0 24 2 0 0; 0 0 0 67 0 0; 4 9 0 0 12 6; 17 8 1 0 14 30]
0.002,manhattan,11,4580,8764,0.3529,0.5113,0.9615,1.0,0.2759,0.4812,0.5971,0.5968,0.6021,[12 6 0 0 5 5; 6 34 0 0 7 20; 1 0 25 0 0 0; 0 0 0 66 0 0; 5 12 0 0 8 6; 16 14 1 0 7 32]
0.002,manhattan,11,4597,8789,0.2667,0.6,0.7812,1.0,0.3871,0.3894,0.5707,0.5647,0.6004,[10 6 3 0 2 7; 10 39 1 0 7 10; 1 0 25 0 0 0; 0 0 0 66 0 0; 5 9 1 0 12 4; 21 9 8 0 10 22]
0.002,manhattan,11,4596,8795,0.2535,0.4776,0.8065,0.9851,0.2727,0.3486,0.524,0.516,0.5537,[9 6 1 0 9 3; 14 32 1 0 10 10; 0 0 25 1 0 0; 0 0 0 66 0 0; 5 9 1 0 9 7; 15 20 8 1 7 19]
0.002,manhattan,12,4629,8749,0.3279,0.6102,0.8302,0.964,0.2162,0.4361,0.5641,0.5668,0.5688,[10 3 2 0 4 9; 7 36 0 0 12 12; 0 0 22 4 0 0; 0 0 0 67 0 0; 5 5 0 0 8 13; 11 7 3 1 19 29]
0.002,manhattan,14,4578,8749,0.3243,0.4915,0.8621,1.0,0.1644,0.3306,0.5288,0.5243,0.5504,[12 4 3 0 5 4; 13 29 0 0 10 15; 1 0 25 0 0 0; 0 0 0 66 0 0; 4 9 0 0 6 12; 16 9 4 0 21 20]
0.002,manhattan,13,4597,8686,0.3951,0.5512,0.8364,0.9781,0.1639,0.3761,0.5501,0.545,0.5757,[16 3 2 0 3 4; 14 35 0 0 6 12; 0 0 23 2 1 0; 0 0 0 67 0 0; 7 10 0 0 5 9; 16 12 4 1 15 22]
0.002,manhattan,15,4596,8746,0.3846,0.4793,0.8727,0.9925,0.2769,0.4516,0.5763,0.5722,0.597,[15 5 1 0 4 3; 19 29 0 0 8 11; 0 0 24 1 0 1; 0 0 0 66 0 0; 3 7 1 0 9 11; 13 13 3 0 13 28]
0.002,manhattan,12,4587,8723,0.2933,0.381,0.8125,1.0,0.2817,0.2946,0.5105,0.5028,0.5476,[11 4 3 0 7 3; 10 20 1 0 9 27; 0 0 26 0 0 0; 0 0 0 66 0 0; 4 6 1 0 10 10; 22 8 7 0 14 19]
0.002,manhattan,12,4656,8734,0.2817,0.4602,0.7925,0.9571,0.1791,0.4328,0.5172,0.5189,0.5268,[10 1 4 0 6 7; 10 26 0 0 11 20; 0 0 21 5 0 0; 0 0 0 67 0 0; 11 6 0 0 6 8; 12 13 2 1 13 29]
0.002,manhattan,12,4570,8672,0.303,0.4545,0.7692,0.9565,0.25,0.3448,0.513,0.5108,0.525,[10 7 4 0 5 2; 11 30 0 0 12 14; 0 0 20 6 0 0; 0 0 0 66 0 0; 4 8 0 0 9 10; 13 20 2 0 15 20]
0.002,manhattan,11,4633,8750,0.2941,0.5088,0.8571,0.9853,0.2424,0.4058,0.5489,0.5464,0.5618,[10 3 1 0 6 8; 7 29 1 0 9 21; 0 0 24 2 0 0; 0 0 0 67 0 0; 6 4 2 0 8 11; 17 11 2 0 12 28]
0.002,manhattan,14,4557,8754,0.2424,0.5899,0.963,0.9926,0.2609,0.3652,0.569,0.5662,0.5813,[8 6 2 0 8 4; 8 41 0 0 6 12; 0 0 26 0 0 0; 0 0 0 67 0 0; 5 9 0 0 9 8; 17 16 0 1 15 21]
0.002,manhattan,13,4580,8762,0.4444,0.5091,0.7931,0.9571,0.2564,0.4333,0.5656,0.564,0.5946,[16 2 0 0 10 0; 9 28 1 1 14 14; 0 0 23 3 0 0; 0 0 0 67 0 0; 6 5 0 0 10 10; 13 8 8 2 13 26]
0.002,manhattan,10,4568,8792,0.2295,0.4237,0.9123,1.0,0.4286,0.4928,0.5811,0.5709,0.5988,[7 9 1 0 6 5; 14 25 0 0 8 20; 0 0 26 0 0 0; 0 0 0 66 0 0; 2 5 0 0 15 9; 10 12 4 0 10 34]
0.002,manhattan,9,4611,8806,0.3611,0.5254,0.8621,0.9853,0.303,0.4688,0.5843,0.5764,0.6066,[13 4 2 0 3 6; 11 31 1 0 10 14; 0 0 25 1 0 0; 0 0 0 67 0 0; 10 2 1 0 10 8; 10 14 3 1 12 30]
0.002,manhattan,12,4506,8696,0.3448,0.4299,0.8235,0.964,0.3294,0.3623,0.5423,0.551,0.5528,[10 2 2 0 4 10; 5 23 0 0 11 28; 0 0 21 4 1 0; 0 0 0 67 0 0; 6 6 0 0 14 5; 9 9 2 1 24 25]
0.002,manhattan,9,4621,8830,0.2909,0.5289,0.8214,0.9851,0.2857,0.5079,0.57,0.5707,0.582,[8 4 4 0 7 5; 10 32 0 0 11 14; 1 0 23 2 0 0; 0 0 0 66 0 0; 7 7 0 0 12 5; 1 11 3 0 23 32]
0.002,manhattan,10,4633,8803,0.2466,0.4464,0.8,0.9706,0.32,0.432,0.5359,0.5368,0.5522,[9 2 5 0 6 6; 17 25 0 0 10 15; 0 0 22 4 0 0; 0 0 0 66 0 0; 3 9 0 0 12 7; 16 9 2 0 16 27]
0.002,manhattan,10,4594,8731,0.3284,0.5271,0.9434,1.0,0.2333,0.4741,0.5844,0.5817,0.5908,[11 4 0 0 5 8; 6 34 0 0 7 20; 0 0 25 0 1 0; 0 0 0 66 0 0; 7 11 1 0 7 5; 15 13 1 0 9 32]
0.002,manhattan,12,4594,8753,0.3729,0.5203,0.8364,0.9851,0.3077,0.3857,0.568,0.5616,0.5772,[11 3 3 0 2 9; 5 32 0 0 7 23; 1 0 23 2 0 0; 0 0 0 66 0 0; 2 7 1 0 10 11; 12 14 2 0 15 27]
0.002,manhattan,10,4601,8791,0.3235,0.5574,0.92,0.9781,0.3429,0.4427,0.5941,0.5986,0.5977,[11 5 0 0 6 6; 12 34 0 0 6 15; 0 0 23 3 0 0; 0 0 0 67 0 0; 2 6 0 0 12 11; 15 10 1 0 15 29]
0.002,manhattan,10,4607,8750,0.3333,0.4806,0.8421,0.9926,0.2769,0.381,0.5511,0.5404,0.5686,[11 6 1 0 5 5; 7 31 0 0 9 20; 1 0 24 1 0 0; 0 0 0 67 0 0; 8 6 1 0 9 7; 11 19 5 0 11 24]
0.002,manhattan,13,4696,8747,0.3333,0.3922,0.7857,0.9706,0.2025,0.3969,0.5135,0.5189,0.5338,[12 3 4 0 4 5; 17 20 1 0 13 16; 0 0 22 4 0 0; 0 0 0 66 0 0; 4 5 0 0 8 14; 11 7 3 0 23 26]
0.002,manhattan,11,4639,8747,0.2703,0.4553,0.807,0.9781,0.1967,0.381,0.5147,0.5075,0.5327,[10 7 3 0 4 4; 14 28 1 0 6 18; 0 0 23 3 0 0; 0 0 0 67 0 0; 9 5 1 0 6 10; 13 16 3 0 14 24]
0.002,manhattan,11,4599,8812,0.3226,0.4545,0.9123,1.0,0.1687,0.4545,0.5521,0.5554,0.5641,[10 3 1 0 11 3; 9 25 1 0 13 19; 0 0 26 0 0 0; 0 0 0 66 0 0; 5 9 0 0 7 10; 10 6 3 0 21 30]
0.002,manhattan,12,4578,8768,0.2254,0.5455,0.8571,0.9781,0.3279,0.3471,0.5468,0.5403,0.5614,[8 4 5 0 5 6; 9 36 0 0 6 16; 0 0 24 2 0 0; 0 0 0 67 0 0; 9 4 0 0 10 8; 17 21 1 1 9 21]
0.002,manhattan,11,4607,8761,0.1613,0.5246,0.9259,0.9926,0.2154,0.3714,0.5319,0.5307,0.5358,[5 3 1 0 7 12; 8 32 0 0 7 20; 0 0 25 1 0 0; 0 0 0 67 0 0; 8 4 0 0 7 12; 13 16 2 0 13 26]
0.002,manhattan,12,4537,8762,0.4058,0.4587,0.8302,0.971,0.2892,0.381,0.556,0.5591,0.5749,[14 1 1 0 6 6; 8 25 1 0 14 19; 0 0 22 4 0 0; 0 0 0 67 0 0; 5 6 1 0 12 7; 14 10 2 0 20 24]
0.002,manhattan,10,4676,8744,0.4478,0.5424,0.9286,1.0,0.2025,0.4839,0.6009,0.6002,0.6167,[15 2 0 0 6 5; 5 32 1 0 17 12; 0 0 26 0 0 0; 0 0 0 66 0 0; 8 8 0 0 8 7; 11 9 3 0 17 30]
0.002,manhattan,11,4665,8757,0.3478,0.4651,0.8421,0.971,0.32,0.3455,0.5486,0.5404,0.5763,[12 5 3 0 3 5; 10 30 0 0 14 13; 0 0 24 2 0 0; 0 0 0 67 0 0; 6 10 0 0 12 3; 13 17 4 2 15 19]
0.002,manhattan,10,4580,8842,0.4384,0.5962,0.8519,0.9778,0.2857,0.4662,0.6027,0.6171,0.6194,[16 0 2 0 3 7; 7 31 1 0 15 13; 0 0 23 3 0 0; 0 0 0 66 0 0; 7 1 0 0 11 12; 15 5 2 0 17 31]
0.002,manhattan,11,4592,8723,0.3125,0.4717,0.92,0.971,0.2338,0.4755,0.5641,0.5804,0.5651,[10 3 0 1 7 7; 7 25 0 0 15 20; 0 0 23 3 0 0; 0 0 0 67 0 0; 5 5 0 0 9 12; 14 6 1 0 15 34]
0.002,manhattan,11,4563,8766,0.4267,0.5593,0.8966,1.0,0.3429,0.374,0.5999,0.5903,0.6299,[16 3 1 0 2 6; 7 33 0 0 10 17; 0 0 26 0 0 0; 0 0 0 66 0 0; 7 5 0 0 12 7; 17 10 5 0 15 23]
0.002,manhattan,13,4642,8760,0.2703,0.4412,0.8627,0.964,0.2,0.339,0.5129,0.5144,0.5217,[10 8 1 0 3 6; 16 30 0 0 9 12; 0 0 22 4 0 0; 0 0 0 67 0 0; 3 12 0 0 6 10; 17 19 2 1 11 20]
0.002,manhattan,10,4572,8772,0.3099,0.4038,0.8727,0.9853,0.3467,0.5109,0.5716,0.5733,0.5915,[11 4 3 0 6 4; 13 21 1 0 9 23; 0 0 24 2 0 0; 0 0 0 67 0 0; 10 3 0 0 13 5; 9 9 1 0 16 35]
0.002,manhattan,13,4617,8805,0.32,0.4274,0.902,0.971,0.2821,0.3866,0.5482,0.5537,0.5616,[12 7 1 0 5 3; 12 25 0 0 14 16; 0 0 23 3 0 0; 0 0 0 67 0 0; 4 9 0 0 11 7; 19 9 1 1 17 23]
0.002,manhattan,12,4634,8719,0.2105,0.4615,0.9057,0.9925,0.2687,0.443,0.547,0.5481,0.5504,[6 4 1 0 4 13; 11 27 1 0 7 21; 0 0 24 1 1 0; 0 0 0 66 0 0; 2 8 0 0 9 12; 10 11 1 0 15 33]
0.002,manhattan,10,4568,8765,0.2687,0.5439,0.8333,0.9925,0.127,0.4604,0.5376,0.5333,0.5553,[9 3 2 0 10 4; 7 31 2 0 6 21; 0 0 25 1 0 0; 0 0 0 66 0 0; 9 5 1 0 4 12; 14 8 4 0 12 32]
0.002,manhattan,13,4556,8742,0.3226,0.4,0.7667,0.9853,0.2222,0.3459,0.5071,0.4968,0.5286,[10 6 2 0 5 5; 8 23 2 0 10 24; 0 0 23 2 1 0; 0 0 0 67 0 0; 5 7 0 0 8 11; 11 12 7 0 17 23]
0.002,manhattan,13,4629,8748,0.3733,0.5072,0.7925,0.9571,0.2941,0.3269,0.5419,0.5428,0.5659,[14 5 3 0 4 2; 12 35 0 0 11 9; 0 0 21 5 0 0; 0 0 0 67 0 0; 8 7 0 0 10 6; 13 24 3 1 12 17]
0.002,manhattan,13,4539,8812,0.3662,0.459,0.9057,0.9926,0.1795,0.437,0.5567,0.5608,0.5671,[13 3 1 0 7 4; 13 28 0 0 16 10; 0 0 24 1 1 0; 0 0 0 67 0 0; 6 9 0 0 7 9; 11 15 2 0 16 26]
0.002,manhattan,12,4609,8685,0.3284,0.4035,0.8571,0.9853,0.209,0.4493,0.5388,0.5321,0.5547,[11 3 3 0 5 6; 8 23 1 0 14 21; 0 0 24 2 0 0; 0 0 0 67 0 0; 6 8 0 0 7 10; 14 13 2 0 10 31]
0.002,manhattan,11,4612,8729,0.4444,0.4828,0.9057,0.9781,0.4146,0.5197,0.6242,0.6216,0.6435,[14 2 0 0 6 6; 9 28 1 0 12 17; 0 0 24 2 0 0; 0 0 0 67 0 0; 4 9 0 0 17 1; 8 10 2 1 16 33]
0.002,manhattan,13,4566,8763,0.3438,0.4921,0.8571,0.9851,0.2895,0.3167,0.5474,0.5377,0.5675,[11 4 1 0 7 5; 8 31 0 0 8 20; 0 0 24 2 0 0; 0 0 0 66 0 0; 2 12 0 0 11 6; 15 12 5 0 19 19]
0.002,manhattan,9,4648,8734,0.2727,0.5581,0.9091,0.9926,0.3733,0.4068,0.5854,0.5805,0.6024,[9 4 2 0 7 6; 7 36 1 0 6 17; 0 0 25 1 0 0; 0 0 0 67 0 0; 7 8 1 0 14 1; 15 14 0 0 17 24]
0.002,manhattan,14,4564,8697,0.2469,0.487,0.8571,0.9925,0.2029,0.4262,0.5354,0.5402,0.5492,[10 5 3 0 5 5; 16 28 1 0 13 9; 1 0 24 1 0 0; 0 0 0 66 0 0; 6 5 1 0 7 12; 20 10 1 0 13 26]
0.002,manhattan,13,4566,8719,0.2895,0.4643,0.9455,1.0,0.2703,0.4567,0.571,0.5742,0.5863,[11 2 1 0 5 9; 12 26 0 0 13 16; 0 0 26 0 0 0; 0 0 0 66 0 0; 8 9 1 0 10 3; 17 8 1 0 15 29]
0.002,manhattan,10,4543,8832,0.2333,0.5789,0.8621,0.9781,0.3784,0.4593,0.5817,0.577,0.5997,[7 3 3 2 5 8; 9 33 1 0 9 15; 0 0 25 1 0 0; 0 0 0 67 0 0; 3 3 0 0 14 11; 13 8 3 0 15 31]
0.002,manhattan,11,4575,8776,0.3188,0.5426,0.9091,0.9926,0.12,0.5143,0.5662,0.5587,0.5813,[11 5 2 0 4 6; 6 35 1 0 6 19; 0 0 25 1 0 0; 0 0 0 67 0 0; 7 11 1 0 3 9; 17 11 0 0 6 36]
0.002,manhattan,12,4639,8787,0.4198,0.56,0.8571,0.9853,0.2687,0.3717,0.5771,0.5723,0.6072,[17 3 1 0 5 2; 11 35 1 0 7 13; 0 0 24 2 0 0; 0 0 0 67 0 0; 7 8 0 0 9 7; 18 12 4 0 15 21]
0.002,manhattan,12,4581,8727,0.4167,0.4737,0.8148,0.9778,0.2462,0.5588,0.5813,0.5781,0.5976,[15 3 3 0 5 2; 16 27 1 0 7 16; 0 0 22 3 1 0; 0 0 0 66 0 0; 5 7 1 0 8 10; 8 10 1 0 13 38]
0.002,manhattan,12,4583,8756,0.2222,0.4818,0.8,0.9571,0.2188,0.4516,0.5219,0.5255,0.5229,[7 13 1 0 3 4; 11 33 0 0 8 15; 0 0 20 6 0 0; 0 0 0 67 0 0; 9 8 0 0 7 7; 8 16 3 0 15 28]
0.002,manhattan,12,4591,8748,0.2769,0.4643,0.8889,0.9853,0.3421,0.4889,0.5744,0.5743,0.5872,[9 3 1 0 10 5; 10 26 1 0 12 18; 0 0 24 2 0 0; 0 0 0 67 0 0; 3 6 0 0 13 9; 15 10 2 0 10 33]
0.002,manhattan,12,4560,8740,0.2373,0.528,0.8929,0.9926,0.3235,0.4741,0.5747,0.5672,0.586,[7 3 2 0 7 9; 10 33 1 0 7 16; 0 0 25 1 0 0; 0 0 0 67 0 0; 5 7 0 0 11 8; 9 15 2 0 12 32]
0.002,manhattan,10,4618,8729,0.4,0.563,0.84,0.964,0.2462,0.3387,0.5586,0.5567,0.5662,[13 3 1 0 5 6; 5 38 0 0 6 18; 0 0 21 5 0 0; 0 0 0 67 0 0; 2 12 0 0 8 9; 17 15 2 0 15 21]
0.002,manhattan,10,4598,8799,0.2623,0.4409,0.7937,0.9925,0.2687,0.368,0.521,0.5064,0.5473,[8 4 6 0 5 5; 8 28 1 0 12 18; 0 0 25 1 0 0; 0 0 0 66 0 0; 7 6 0 0 9 9; 10 22 5 0 10 23]
0.002,manhattan,12,4609,8776,0.2857,0.5505,0.8846,0.9851,0.321,0.4088,0.5726,0.5841,0.5789,[9 2 1 0 6 10; 9 30 0 0 12 16; 1 0 23 2 0 0; 0 0 0 66 0 0; 2 3 0 0 13 13; 14 7 2 0 19 28]
0.002,manhattan,14,4615,8762,0.2778,0.4038,0.8929,0.9925,0.2133,0.4118,0.532,0.5366,0.5484,[10 4 1 0 4 9; 14 21 1 0 12 19; 0 0 25 1 0 0; 0 0 0 66 0 0; 7 6 0 0 8 10; 13 6 3 0 20 28]
0.002,manhattan,11,4657,8764,0.4348,0.5124,0.8929,0.9925,0.381,0.4478,0.6102,0.6004,0.6293,[15 3 2 0 3 5; 7 31 1 0 9 19; 0 0 25 1 0 0; 0 0 0 66 0 0; 4 4 1 0 12 10; 15 16 1 0 8 30]
0.002,manhattan,14,4641,8762,0.2727,0.4923,0.9259,0.9926,0.2258,0.4733,0.5638,0.5595,0.5715,[9 9 1 0 6 3; 10 32 1 0 9 15; 0 0 25 1 0 0; 0 0 0 67 0 0; 7 5 0 0 7 12; 12 17 1 0 9 31]
0.002,manhattan,11,4520,8769,0.3611,0.5833,0.8772,1.0,0.2857,0.4091,0.5861,0.5798,0.604,[13 1 2 0 4 8; 10 35 0 0 7 15; 1 0 25 0 0 0; 0 0 0 66 0 0; 5 4 1 0 9 12; 15 13 3 0 12 27]
0.002,manhattan,12,4612,8796,0.2667,0.5556,0.8889,0.9925,0.2623,0.4409,0.5678,0.5677,0.5768,[10 5 3 0 1 9; 11 35 1 0 8 12; 1 0 24 1 0 0; 0 0 0 66 0 0; 8 7 0 0 8 8; 17 12 0 0 13 28]
0.002,manhattan,11,4613,8754,0.3514,0.5556,0.9455,1.0,0.1786,0.4238,0.5758,0.5843,0.5884,[13 0 1 0 2 12; 3 30 0 0 8 26; 0 0 26 0 0 0; 0 0 0 66 0 0; 11 3 1 0 5 11; 19 8 1 0 10 32]